NAICS,Term,NoEmp,NewExist,CreateJob,RetainedJob,UrbanRural,RevLineCr,GrAppv,SBA_Appv,New,RealEstate,Portion,Recession,daysterm,xx,Default
RentalLeasing,36,1,Existing,0,0,Unknown,Yes,30000,15000,0,0,0.5,0,1080,16175.0,No
RealEstateServices,56,1,Existing,0,0,Unknown,Yes,30000,15000,0,0,0.5,1,1680,17658.0,No
RealEstateServices,36,10,Existing,0,0,Unknown,Yes,30000,15000,0,0,0.5,0,1080,16298.0,No
RealEstateServices,36,6,Existing,0,0,Unknown,Yes,50000,25000,0,0,0.5,0,1080,16816.0,No
RealEstateServices,240,65,Existing,3,65,Urban,Unknown,343000,343000,0,1,1.0,0,7200,24103.0,No
RealEstateServices,84,1,Existing,0,0,Unknown,Yes,50000,25000,0,0,0.5,0,2520,18345.0,No
RealEstateServices,269,2,Existing,0,2,Urban,Unknown,297500,223125,0,1,0.75,0,8070,24930.0,Yes
RealEstateServices,84,1,New,2,1,Rural,Yes,30000,15000,1,0,0.5,0,2520,19380.0,No
RealEstateServices,22,5,Existing,0,0,Urban,No,50000,25000,0,0,0.5,0,660,16943.0,Yes
RealEstateServices,84,4,New,0,0,Urban,Yes,10000,5000,1,0,0.5,0,2520,18834.0,No
RentalLeasing,64,6,Existing,0,0,Urban,Yes,50000,25000,0,0,0.5,0,1920,18234.0,Yes
RealEstateServices,84,1,Existing,0,0,Urban,Yes,14000,7000,0,0,0.5,0,2520,18834.0,No
RealEstateServices,84,12,Existing,0,0,Urban,Yes,25000,12500,0,0,0.5,0,2520,18834.0,No
RealEstateServices,76,2,New,0,2,Rural,Yes,30000,15000,1,0,0.5,0,2280,19201.0,Yes
RealEstateServices,60,8,Existing,0,0,Urban,Yes,30000,15000,0,0,0.5,0,1800,18114.0,No
RealEstateServices,60,13,New,7,20,Urban,Yes,25000,12500,1,0,0.5,0,1800,19025.0,No
RealEstateServices,84,1,Existing,0,0,Urban,Yes,20000,10000,0,0,0.5,0,2520,18834.0,No
RentalLeasing,300,15,Existing,0,0,Unknown,No,1000000,750000,0,1,0.75,0,9000,22634.0,No
RealEstateServices,38,2,New,0,0,Urban,Unknown,10000,5000,1,0,0.5,0,1140,17454.0,Yes
RentalLeasing,84,22,Existing,0,0,Urban,Yes,10000,5000,0,0,0.5,0,2520,18864.0,No
RealEstateServices,240,13,Existing,8,0,Urban,Unknown,79000,79000,0,1,1.0,0,7200,24194.0,No
RealEstateServices,240,13,Existing,8,0,Urban,Unknown,249000,249000,0,1,1.0,0,7200,24194.0,No
RentalLeasing,62,2,Existing,0,0,Urban,Unknown,10000,5000,0,0,0.5,0,1860,18204.0,Yes
RealEstateServices,84,3,New,0,3,Rural,Yes,30000,15000,1,0,0.5,0,2520,19380.0,No
RentalLeasing,84,3,Existing,0,0,Urban,Yes,20000,10000,0,0,0.5,0,2520,18864.0,No
RealEstateServices,67,12,Existing,0,0,Urban,No,50000,25000,0,0,0.5,0,2010,18385.0,Yes
RealEstateServices,32,5,Existing,0,0,Urban,Unknown,50000,25000,0,0,0.5,0,960,17486.0,No
RealEstateServices,84,4,Existing,0,0,Urban,No,10000,5000,0,0,0.5,0,2520,18895.0,No
RentalLeasing,84,3,Existing,0,0,Urban,No,25000,12500,0,0,0.5,0,2520,18925.0,No
Other,84,2,Existing,0,0,Urban,Yes,25000,12500,0,0,0.5,0,2520,18925.0,No
RealEstateServices,84,4,Existing,0,0,Urban,Yes,25000,12500,0,0,0.5,0,2520,18925.0,No
RealEstateServices,84,1,New,0,0,Urban,Yes,10000,5000,1,0,0.5,0,2520,18956.0,No
RentalLeasing,84,2,Existing,0,0,Rural,No,10000,5000,0,0,0.5,0,2520,18925.0,No
RealEstateServices,34,1,New,0,0,Urban,No,10000,5000,1,0,0.5,0,1020,17487.0,Yes
RealEstateServices,84,1,Existing,0,0,Urban,No,35000,17500,0,0,0.5,0,2520,18956.0,No
RentalLeasing,300,30,Existing,0,0,Unknown,Unknown,150500,112875,0,1,0.75,0,9000,22695.0,No
RentalLeasing,84,8,Existing,0,0,Urban,No,100000,50000,0,0,0.5,0,2520,18987.0,No
RealEstateServices,33,12,Existing,0,0,Urban,No,50000,25000,0,0,0.5,0,990,17426.0,Yes
RealEstateServices,84,3,Existing,0,0,Urban,Yes,50000,25000,0,0,0.5,0,2520,18956.0,No
RentalLeasing,4,2,Existing,0,0,Urban,No,12000,6000,0,0,0.5,0,120,16556.0,Yes
RealEstateServices,84,2,Existing,0,0,Rural,Yes,11000,5500,0,0,0.5,0,2520,19107.0,No
RealEstateServices,84,7,Existing,0,0,Urban,No,50000,25000,0,0,0.5,0,2520,18956.0,No
RealEstateServices,56,3,Existing,0,0,Urban,Yes,25000,12500,0,0,0.5,0,1680,18147.0,Yes
RealEstateServices,50,1,Existing,0,0,Urban,Yes,50000,25000,0,0,0.5,1,1500,17936.0,Yes
RealEstateServices,84,6,Existing,0,0,Urban,Yes,100000,50000,0,0,0.5,0,2520,18956.0,No
RealEstateServices,61,4,Existing,0,0,Urban,Unknown,10000,5000,0,0,0.5,0,1830,18266.0,Yes
RentalLeasing,42,7,Existing,0,0,Urban,No,100000,50000,0,0,0.5,1,1260,17696.0,Yes
RentalLeasing,42,10,Existing,0,0,Urban,No,100000,50000,0,0,0.5,1,1260,17696.0,Yes
RealEstateServices,84,4,Existing,0,4,Urban,Yes,50000,25000,0,0,0.5,0,2520,19015.0,No
RentalLeasing,84,18,Existing,2,18,Urban,No,50000,25000,0,0,0.5,0,2520,18987.0,No
RealEstateServices,49,3,Existing,2,3,Urban,Unknown,50000,25000,0,0,0.5,1,1470,18057.0,Yes
RealEstateServices,60,2,Existing,0,2,Urban,No,50000,25000,0,0,0.5,0,1800,18295.0,Yes
RentalLeasing,32,6,Existing,0,0,Unknown,Unknown,90000,72000,0,0,0.8,0,960,14655.0,Yes
RealEstateServices,84,2,Existing,0,2,Urban,Yes,10000,5000,0,0,0.5,0,2520,20082.0,No
RealEstateServices,84,58,Existing,4,58,Urban,No,100000,50000,0,0,0.5,0,2520,19015.0,No
RealEstateServices,53,2,Existing,1,2,Urban,Yes,25000,12500,0,0,0.5,0,1590,18085.0,Yes
RealEstateServices,19,1,New,0,1,Urban,Yes,10000,5000,1,0,0.5,0,570,17065.0,Yes
RealEstateServices,42,12,New,0,12,Urban,Unknown,10000,5000,1,0,0.5,1,1260,17755.0,Yes
RealEstateServices,240,13,Existing,6,13,Rural,Unknown,229000,229000,0,1,1.0,0,7200,24348.0,No
RealEstateServices,25,2,Existing,2,2,Rural,No,50000,25000,0,0,0.5,0,750,17245.0,Yes
RentalLeasing,84,4,Existing,0,4,Urban,Yes,50000,25000,0,0,0.5,0,2520,19015.0,No
RealEstateServices,84,4,Existing,1,4,Urban,No,50000,25000,0,0,0.5,0,2520,19015.0,No
RentalLeasing,28,1,Existing,0,1,Urban,Yes,15000,7500,0,0,0.5,0,840,17427.0,Yes
RentalLeasing,84,30,Existing,1,30,Rural,No,50000,25000,0,0,0.5,0,2520,19046.0,No
RentalLeasing,39,3,Existing,1,4,Urban,Yes,40000,20000,0,0,0.5,0,1170,18091.0,Yes
RentalLeasing,84,6,Existing,0,6,Urban,Yes,50000,25000,0,0,0.5,0,2520,19015.0,No
RentalLeasing,60,2,Existing,0,2,Urban,No,60000,30000,0,0,0.5,0,1800,18326.0,No
RealEstateServices,84,4,Existing,0,4,Urban,Yes,50000,25000,0,0,0.5,0,2520,19046.0,No
RentalLeasing,119,3,Existing,0,0,Unknown,No,100000,80000,0,0,0.8,0,3570,17235.0,No
RealEstateServices,84,2,Existing,1,2,Urban,Yes,10000,5000,0,0,0.5,0,2520,19046.0,No
RealEstateServices,68,4,Existing,0,4,Urban,Unknown,45000,22500,0,0,0.5,0,2040,18566.0,Yes
RealEstateServices,84,5,Existing,0,5,Urban,Yes,50000,25000,0,0,0.5,0,2520,19046.0,No
RentalLeasing,18,1,Existing,0,1,Urban,Yes,10000,5000,0,0,0.5,0,540,17157.0,Yes
RealEstateServices,240,345,Existing,20,0,Urban,Unknown,568000,568000,0,1,1.0,0,7200,24257.0,No
RealEstateServices,47,7,Existing,0,7,Urban,No,100000,50000,0,0,0.5,1,1410,17966.0,Yes
RealEstateLessors,240,7,Existing,13,7,Unknown,No,357000,357000,0,1,1.0,0,7200,21002.0,No
RealEstateServices,84,1,Existing,0,1,Urban,Yes,10000,5000,0,0,0.5,0,2520,19260.0,No
RealEstateServices,42,4,Existing,0,4,Urban,No,22000,11000,0,0,0.5,1,1260,17847.0,Yes
RealEstateServices,33,2,Existing,1,2,Urban,No,100000,50000,0,0,0.5,1,990,17546.0,Yes
RentalLeasing,57,9,Existing,1,9,Urban,No,50000,25000,0,0,0.5,0,1710,18266.0,Yes
RealEstateServices,84,1,New,0,1,Urban,Yes,10000,5000,1,0,0.5,0,2520,19076.0,No
RealEstateServices,36,30,Existing,0,30,Urban,No,10000,5000,0,0,0.5,1,1080,17606.0,No
RealEstateServices,30,16,Existing,0,16,Urban,No,60000,30000,0,0,0.5,0,900,17426.0,Yes
RealEstateServices,84,2,New,0,2,Urban,Yes,10000,5000,1,0,0.5,0,2520,19229.0,No
RealEstateServices,84,4,Existing,2,4,Urban,No,35000,17500,0,0,0.5,0,2520,19076.0,No
RealEstateServices,84,4,Existing,1,4,Urban,Yes,47900,23950,0,0,0.5,0,2520,19076.0,No
RentalLeasing,300,5,Existing,0,0,Unknown,No,504000,378000,0,1,0.75,0,9000,22787.0,No
RealEstateServices,71,12,Existing,0,12,Urban,Unknown,50000,25000,0,0,0.5,0,2130,18686.0,Yes
RealEstateServices,29,18,Existing,0,18,Urban,Yes,50000,25000,0,0,0.5,0,870,17457.0,Yes
RentalLeasing,73,6,Existing,1,6,Urban,Yes,50000,25000,0,0,0.5,0,2190,18746.0,Yes
RealEstateServices,42,5,Existing,12,5,Urban,Yes,35000,17500,0,0,0.5,1,1260,17816.0,Yes
RealEstateServices,84,12,Existing,3,12,Urban,Yes,90000,45000,0,0,0.5,0,2520,19076.0,No
RealEstateServices,84,5,Existing,3,5,Urban,No,50000,25000,0,0,0.5,0,2520,19076.0,No
RentalLeasing,84,1,Existing,0,0,Urban,No,50000,40000,0,0,0.8,0,2520,16307.0,No
RealEstateServices,240,6,Existing,5,0,Urban,Unknown,557000,557000,0,1,1.0,0,7200,24138.0,No
RealEstateServices,43,3,Existing,2,3,Urban,Yes,35000,17500,0,0,0.5,1,1290,17877.0,Yes
RealEstateServices,268,5,Existing,3,8,Urban,Unknown,394200,295650,0,1,0.75,0,8040,24931.0,Yes
RealEstateServices,11,2,Existing,0,2,Urban,Yes,50000,25000,0,0,0.5,0,330,16917.0,Yes
RealEstateServices,33,1,New,0,1,Urban,No,10000,5000,1,0,0.5,1,990,17577.0,No
RentalLeasing,84,4,Existing,0,4,Rural,Yes,28500,14250,0,0,0.5,0,2520,19107.0,No
RealEstateServices,43,2,Existing,0,2,Urban,No,25000,12500,0,0,0.5,1,1290,17907.0,Yes
RealEstateServices,84,4,Existing,0,4,Urban,Yes,50000,25000,0,0,0.5,0,2520,19137.0,No
RealEstateServices,32,1,Existing,0,1,Urban,No,25000,12500,0,0,0.5,1,960,17577.0,Yes
RentalLeasing,23,6,Existing,0,6,Urban,No,75000,37500,0,0,0.5,0,690,17307.0,Yes
RealEstateServices,240,34,Existing,6,34,Urban,Unknown,914000,914000,0,1,1.0,0,7200,24138.0,No
RentalLeasing,84,6,Existing,0,6,Urban,Yes,30000,15000,0,0,0.5,0,2520,19137.0,No
RentalLeasing,58,1,Existing,0,1,Urban,No,35000,17500,0,0,0.5,0,1740,18388.0,Yes
RealEstateServices,36,3,Existing,0,3,Urban,No,100000,50000,0,0,0.5,1,1080,17759.0,Yes
RentalLeasing,63,12,Existing,0,12,Urban,No,50000,25000,0,0,0.5,0,1890,18538.0,Yes
RealEstateServices,41,1,Existing,1,1,Urban,Yes,30000,15000,0,0,0.5,0,1230,18151.0,Yes
RealEstateServices,84,3,New,0,3,Urban,No,50000,25000,1,0,0.5,0,2520,19137.0,No
RentalLeasing,300,6,Existing,0,0,Unknown,Unknown,302000,226500,0,1,0.75,0,9000,23425.0,No
RealEstateServices,84,80,Existing,0,80,Urban,No,50000,25000,0,0,0.5,0,2520,19168.0,No
RealEstateServices,55,3,Existing,0,3,Urban,Unknown,50000,25000,0,0,0.5,0,1650,18329.0,Yes
RealEstateServices,84,1,Existing,0,1,Urban,Yes,31000,15500,0,0,0.5,0,2520,19137.0,No
RealEstateServices,84,6,Existing,0,6,Urban,Yes,50000,25000,0,0,0.5,0,2520,19321.0,No
RealEstateLessors,41,2,Existing,0,2,Urban,No,52500,26250,0,0,0.5,1,1230,17878.0,Yes
RealEstateServices,84,5,Existing,1,5,Urban,Yes,50000,25000,0,0,0.5,0,2520,19168.0,No
RealEstateServices,36,5,Existing,0,5,Urban,No,20000,10000,0,0,0.5,1,1080,17728.0,No
RealEstateLessors,84,3,Existing,3,3,Urban,Yes,50000,25000,0,0,0.5,0,2520,19168.0,No
RealEstateServices,53,2,Existing,2,2,Urban,Unknown,25000,12500,0,0,0.5,0,1590,18269.0,Yes
RealEstateServices,84,5,New,0,5,Urban,Yes,10000,5000,1,0,0.5,0,2520,19260.0,No
RealEstateServices,73,31,Existing,69,31,Urban,Yes,150000,75000,0,0,0.5,0,2190,19415.0,No
RentalLeasing,4,2,Existing,1,2,Urban,Yes,10000,5000,0,0,0.5,0,120,16799.0,Yes
RealEstateServices,300,21,New,0,21,Urban,No,1240000,930000,1,1,0.75,0,9000,25679.0,No
RentalLeasing,84,21,Existing,50,50,Urban,No,140000,70000,0,0,0.5,0,2520,19199.0,No
RentalLeasing,84,21,Existing,50,50,Urban,Yes,10000,5000,0,0,0.5,0,2520,19806.0,No
RentalLeasing,78,2,Existing,2,2,Urban,No,100000,85000,0,0,0.85,0,2340,19172.0,Yes
RealEstateLessors,300,9,Existing,0,0,Unknown,Unknown,257000,192750,0,1,0.75,0,9000,22757.0,No
RealEstateServices,84,1,New,1,1,Urban,Yes,50000,25000,1,0,0.5,0,2520,19352.0,No
RealEstateServices,59,5,New,0,5,Urban,Yes,20000,10000,1,0,0.5,0,1770,18479.0,Yes
RealEstateServices,63,2,New,0,2,Urban,Yes,5000,2500,1,0,0.5,0,1890,18630.0,Yes
RealEstateServices,51,5,Existing,1,5,Urban,No,50000,25000,0,0,0.5,0,1530,18239.0,Yes
RealEstateServices,54,3,Existing,2,3,Rural,Yes,30000,15000,0,0,0.5,0,1620,18541.0,Yes
RentalLeasing,240,20,Existing,3,0,Urban,Unknown,105000,105000,0,1,1.0,0,7200,24229.0,No
RealEstateServices,44,13,Existing,0,13,Urban,No,45000,22500,0,0,0.5,1,1320,18029.0,Yes
RentalLeasing,84,1,Existing,0,1,Urban,Yes,45000,22500,0,0,0.5,0,2520,19229.0,No
RentalLeasing,120,7,Existing,0,0,Unknown,Unknown,140000,105000,0,0,0.75,0,3600,17387.0,No
RealEstateServices,84,3,New,0,3,Urban,Yes,20000,10000,1,0,0.5,0,2520,19229.0,No
RealEstateServices,61,1,Existing,1,2,Urban,Yes,25000,12500,0,0,0.5,0,1830,19027.0,Yes
RealEstateServices,22,1,New,9,10,Rural,Yes,40000,20000,1,0,0.5,0,660,17369.0,Yes
RentalLeasing,120,6,Existing,0,6,Urban,Unknown,825000,618750,0,0,0.75,0,3600,20552.0,No
RentalLeasing,300,7,Existing,0,0,Unknown,Unknown,720000,540000,0,1,0.75,0,9000,22910.0,No
RealEstateServices,49,2,Existing,2,2,Urban,No,50000,25000,0,0,0.5,0,1470,18210.0,Yes
RentalLeasing,60,2,Existing,2,2,Urban,No,10800,9180,0,0,0.85,0,1800,18601.0,No
RealEstateLessors,7,1,Existing,0,1,Urban,No,45000,22500,0,0,0.5,0,210,16980.0,Yes
RealEstateLessors,300,130,Existing,0,0,Unknown,Unknown,369000,276750,0,1,0.75,0,9000,22787.0,No
RealEstateServices,39,1,New,0,1,Urban,Yes,24000,12000,1,0,0.5,1,1170,17910.0,Yes
RealEstateServices,84,1,Existing,0,1,Urban,Yes,50000,25000,0,0,0.5,0,2520,19260.0,No
RealEstateServices,84,1,Existing,0,1,Urban,Yes,100000,50000,0,0,0.5,0,2520,19290.0,No
RealEstateServices,84,1,Existing,3,1,Urban,No,50000,25000,0,0,0.5,0,2520,19290.0,No
RealEstateServices,84,5,Existing,0,5,Rural,Yes,50000,25000,0,0,0.5,0,2520,19441.0,No
RentalLeasing,84,5,Existing,2,5,Rural,Yes,30000,15000,0,0,0.5,0,2520,19441.0,No
RealEstateServices,44,1,Existing,6,1,Urban,No,100000,50000,0,0,0.5,0,1320,18090.0,Yes
RentalLeasing,120,7,Existing,0,0,Unknown,Unknown,100000,75000,0,0,0.75,0,3600,17357.0,No
RealEstateServices,56,3,Existing,2,3,Urban,Yes,74300,37150,0,0,0.5,0,1680,18450.0,Yes
RentalLeasing,84,2,Existing,0,2,Urban,Yes,25000,12500,0,0,0.5,0,2520,19290.0,No
RentalLeasing,120,1,New,0,0,Unknown,Unknown,50000,40000,1,0,0.8,0,3600,17418.0,No
RealEstateServices,43,9,Existing,0,9,Urban,No,20000,10000,0,0,0.5,0,1290,18150.0,Yes
RealEstateServices,84,1,New,1,2,Urban,Yes,10000,5000,1,0,0.5,0,2520,19290.0,No
RentalLeasing,38,3,Existing,0,3,Urban,Yes,30000,15000,0,0,0.5,0,1140,18092.0,Yes
RealEstateServices,58,5,Existing,0,5,Urban,Yes,35000,17500,0,0,0.5,0,1740,18541.0,Yes
RealEstateServices,40,2,Existing,2,2,Urban,No,100000,50000,0,0,0.5,1,1200,18001.0,Yes
RealEstateLessors,8,4,Existing,0,4,Urban,Yes,50000,25000,0,0,0.5,0,240,17010.0,Yes
RealEstateServices,60,7,Existing,1,7,Urban,Yes,40000,20000,0,0,0.5,0,1800,18691.0,No
RealEstateServices,57,13,New,0,13,Urban,Yes,40000,20000,1,0,0.5,0,1710,18542.0,Yes
RealEstateServices,51,10,Existing,1,10,Urban,Yes,50000,25000,0,0,0.5,0,1530,18331.0,Yes
RealEstateLessors,84,5,Existing,1,6,Urban,Yes,25000,12500,0,0,0.5,0,2520,19321.0,No
RealEstateServices,20,12,Existing,3,12,Urban,Yes,35000,17500,0,0,0.5,0,600,17401.0,Yes
RealEstateServices,55,2,New,0,2,Urban,Unknown,12700,6350,1,0,0.5,0,1650,18510.0,Yes
RealEstateServices,55,1,Existing,2,1,Urban,No,25000,12500,0,0,0.5,0,1650,18451.0,Yes
RealEstateServices,84,2,New,0,2,Urban,Yes,50000,25000,1,0,0.5,0,2520,19352.0,No
RealEstateServices,240,13,Existing,3,0,Urban,Unknown,669000,669000,0,1,1.0,0,7200,24166.0,No
RealEstateServices,48,1,Existing,1,2,Urban,Yes,30000,15000,0,0,0.5,0,1440,18757.0,Yes
RealEstateServices,84,3,Existing,0,3,Urban,Yes,25800,12900,0,0,0.5,0,2520,19321.0,No
RealEstateServices,53,2,New,2,2,Urban,No,35000,17500,1,0,0.5,0,1590,18422.0,Yes
RealEstateServices,300,4,Existing,4,8,Urban,No,952000,714000,0,1,0.75,0,9000,25832.0,No
RealEstateServices,46,5,Existing,0,5,Urban,Yes,50000,25000,0,0,0.5,0,1380,18212.0,Yes
RentalLeasing,62,2,Existing,1,2,Urban,Unknown,10500,5250,0,0,0.5,0,1860,18692.0,Yes
Other,300,10,Existing,0,0,Unknown,Unknown,500000,375000,0,1,0.75,0,9000,22969.0,No
RealEstateServices,84,3,New,0,3,Urban,Yes,50000,25000,1,0,0.5,0,2520,19321.0,No
RealEstateServices,43,2,Existing,1,2,Urban,No,50000,25000,0,0,0.5,0,1290,18122.0,Yes
RealEstateServices,84,1,New,0,1,Urban,Yes,65000,32500,1,0,0.5,0,2520,19411.0,No
RealEstateServices,49,1,New,0,1,Urban,No,7000,3500,1,0,0.5,0,1470,18452.0,Yes
RealEstateServices,52,1,New,0,1,Urban,Yes,10000,5000,1,0,0.5,0,1560,18392.0,Yes
RentalLeasing,84,4,Existing,1,4,Urban,No,15000,7500,0,0,0.5,0,2520,19380.0,No
RealEstateServices,47,1,Existing,0,1,Urban,Yes,25000,12500,0,0,0.5,0,1410,18270.0,Yes
RealEstateServices,46,7,Existing,0,7,Urban,Yes,50000,25000,0,0,0.5,0,1380,18212.0,Yes
RealEstateServices,59,1,Existing,2,1,Urban,No,50000,25000,0,0,0.5,0,1770,18630.0,Yes
RealEstateServices,53,3,Existing,0,3,Urban,Yes,25000,12500,0,0,0.5,0,1590,18422.0,Yes
RentalLeasing,240,34,Existing,5,0,Urban,Unknown,905000,905000,0,1,1.0,0,7200,24229.0,No
RentalLeasing,84,2,Existing,2,2,Urban,No,50000,25000,0,0,0.5,0,2520,19380.0,No
RentalLeasing,120,2,Existing,0,0,Unknown,Unknown,50000,40000,0,0,0.8,0,3600,17448.0,No
RealEstateServices,54,4,Existing,1,4,Urban,Unknown,50000,25000,0,0,0.5,0,1620,18480.0,Yes
RentalLeasing,72,4,New,0,4,Urban,Yes,20000,10000,1,0,0.5,0,2160,19020.0,Yes
RealEstateServices,64,2,New,0,2,Urban,Unknown,10000,5000,1,0,0.5,0,1920,18780.0,Yes
RentalLeasing,55,4,New,0,4,Urban,Yes,10000,5000,1,0,0.5,0,1650,18571.0,No
RealEstateServices,50,3,New,2,3,Urban,Yes,40500,20250,1,0,0.5,0,1500,18360.0,Yes
RentalLeasing,21,1,Existing,0,1,Urban,No,50000,25000,0,0,0.5,1,630,17521.0,Yes
RealEstateServices,50,2,Existing,1,3,Urban,Yes,10000,5000,0,0,0.5,0,1500,18391.0,Yes
RealEstateServices,84,1,Existing,0,1,Urban,Yes,25000,12500,0,0,0.5,0,2520,19411.0,No
RentalLeasing,84,1,New,0,1,Urban,Yes,10000,5000,1,0,0.5,0,2520,19411.0,No
RealEstateServices,58,5,New,1,5,Urban,No,25000,21250,1,0,0.85,0,1740,18631.0,Yes
RealEstateServices,59,5,New,0,5,Urban,Unknown,50000,25000,1,0,0.5,0,1770,18661.0,Yes
RealEstateServices,37,30,New,2,30,Urban,No,25000,12500,1,0,0.5,1,1110,18001.0,Yes
RealEstateServices,61,1,New,0,1,Urban,Yes,41000,20500,1,0,0.5,0,1830,18721.0,Yes
RealEstateServices,65,2,Existing,3,2,Urban,No,25000,12500,0,0,0.5,0,1950,18841.0,Yes
RentalLeasing,84,1,Existing,3,1,Urban,Yes,100000,50000,0,0,0.5,0,2520,19411.0,No
RealEstateServices,42,13,Existing,1,13,Urban,No,45000,22500,0,0,0.5,0,1260,18151.0,Yes
RentalLeasing,84,2,Existing,0,2,Urban,Yes,50000,25000,0,0,0.5,0,2520,19502.0,No
RealEstateServices,32,2,New,0,2,Urban,Yes,36000,18000,1,0,0.5,1,960,17851.0,Yes
RentalLeasing,24,5,Existing,2,5,Urban,Yes,50000,25000,0,0,0.5,1,720,17641.0,Yes
RentalLeasing,23,3,Existing,0,3,Urban,No,20000,10000,0,0,0.5,1,690,17581.0,Yes
RealEstateServices,61,1,Existing,0,1,Urban,No,50000,25000,0,0,0.5,0,1830,18721.0,Yes
RentalLeasing,240,19,Existing,6,19,Urban,Unknown,1117000,1117000,0,1,1.0,0,7200,24257.0,No
RealEstateServices,36,1,Existing,0,1,Urban,Yes,10000,5000,0,0,0.5,1,1080,17971.0,Yes
RealEstateServices,61,1,Existing,0,1,Urban,Unknown,10000,5000,0,0,0.5,0,1830,18751.0,Yes
RealEstateServices,60,4,New,1,4,Urban,No,100000,50000,1,0,0.5,0,1800,18691.0,Yes
RealEstateServices,283,24,Existing,21,3,Urban,Unknown,1067000,800250,0,1,0.75,0,8490,25411.0,Yes
RealEstateServices,56,4,Existing,0,4,Rural,Yes,30000,15000,0,0,0.5,0,1680,18601.0,Yes
RealEstateServices,29,31,Existing,6,31,Urban,Yes,50000,25000,0,0,0.5,1,870,17791.0,Yes
RentalLeasing,84,3,Existing,0,3,Urban,Yes,50000,25000,0,0,0.5,0,2520,19655.0,No
RealEstateLessors,84,2,New,0,2,Urban,Yes,50000,25000,1,0,0.5,0,2520,20051.0,No
RealEstateServices,84,2,Existing,1,3,Urban,Yes,30000,15000,0,0,0.5,0,2520,19441.0,No
RealEstateServices,84,1,Existing,1,2,Urban,Yes,49000,24500,0,0,0.5,0,2520,19564.0,No
RealEstateServices,24,2,Existing,0,2,Urban,Yes,200000,100000,0,0,0.5,1,720,17641.0,No
RealEstateServices,71,1,Existing,0,1,Urban,Unknown,10000,5000,0,0,0.5,0,2130,19051.0,Yes
RealEstateServices,64,5,Existing,3,5,Urban,No,25000,12500,0,0,0.5,0,1920,18841.0,Yes
RealEstateServices,35,1,Existing,0,1,Urban,Yes,10000,5000,0,0,0.5,1,1050,18063.0,Yes
RealEstateServices,55,7,Existing,3,7,Urban,No,100000,50000,0,0,0.5,0,1650,18602.0,Yes
RealEstateServices,84,1,New,0,1,Urban,Yes,63000,31500,1,0,0.5,0,2520,19502.0,No
RealEstateServices,48,3,Existing,0,3,Urban,Yes,10000,5000,0,0,0.5,0,1440,18392.0,Yes
RealEstateLessors,84,1,Existing,0,1,Urban,Yes,45000,22500,0,0,0.5,0,2520,19472.0,No
RealEstateServices,61,38,Existing,0,38,Urban,Yes,50000,25000,0,0,0.5,0,1830,18782.0,Yes
Other,120,1,New,0,0,Unknown,Unknown,100000,80000,1,0,0.8,1,3600,17599.0,No
RentalLeasing,5,1,New,0,1,Urban,Yes,10000,5000,1,0,0.5,0,150,17163.0,No
RentalLeasing,9,4,Existing,2,4,Urban,No,25000,21250,0,0,0.85,0,270,17191.0,Yes
RealEstateServices,22,1,Existing,0,1,Urban,Yes,15000,7500,0,0,0.5,1,660,17581.0,Yes
RealEstateServices,84,1,Existing,0,1,Urban,No,25000,12500,0,0,0.5,0,2520,19472.0,No
RealEstateServices,52,1,New,0,1,Urban,No,30000,15000,1,0,0.5,0,1560,18542.0,Yes
RealEstateServices,300,8,Existing,4,4,Urban,Unknown,990000,742500,0,1,0.75,0,9000,25921.0,No
RealEstateServices,68,3,Existing,0,3,Urban,No,25000,12500,0,0,0.5,0,2040,18992.0,Yes
RealEstateServices,84,1,Existing,1,1,Urban,No,25000,12500,0,0,0.5,0,2520,19472.0,No
RentalLeasing,120,1,Existing,0,0,Unknown,Unknown,105000,78750,0,0,0.75,1,3600,17538.0,No
RentalLeasing,120,15,Existing,0,15,Urban,No,1525000,1143750,0,0,0.75,0,3600,20552.0,No
RealEstateLessors,84,2,Existing,1,2,Rural,Yes,50000,42500,0,0,0.85,0,2520,19472.0,No
RealEstateServices,120,3,New,2,5,Urban,No,278400,208800,1,0,0.75,0,3600,20644.0,No
RealEstateServices,35,4,Existing,0,4,Urban,Yes,10000,5000,0,0,0.5,1,1050,18002.0,Yes
RealEstateServices,84,2,New,0,2,Rural,Yes,10000,5000,1,0,0.5,0,2520,19441.0,No
RentalLeasing,50,5,Existing,1,5,Urban,Yes,100000,50000,0,0,0.5,0,1500,18452.0,Yes
RealEstateServices,84,3,New,0,3,Urban,Unknown,62000,31000,1,0,0.5,0,2520,19472.0,No
RealEstateServices,120,150,Existing,0,0,Rural,No,2000000,1500000,0,0,0.75,0,3600,20552.0,No
RealEstateServices,63,14,Existing,6,14,Urban,No,50000,25000,0,0,0.5,0,1890,18872.0,Yes
RealEstateServices,51,5,New,0,5,Urban,No,25000,12500,1,0,0.5,0,1530,18482.0,Yes
RealEstateServices,44,2,Existing,3,2,Urban,Yes,25000,12500,0,0,0.5,0,1320,18302.0,Yes
RealEstateLessors,84,2,Existing,3,2,Urban,No,15000,7500,0,0,0.5,0,2520,19502.0,No
RentalLeasing,45,4,New,0,4,Urban,No,10000,5000,1,0,0.5,0,1350,18424.0,Yes
RealEstateServices,45,4,Existing,0,4,Urban,No,50000,25000,0,0,0.5,0,1350,18302.0,Yes
RealEstateServices,84,8,Existing,3,11,Urban,Yes,50000,25000,0,0,0.5,0,2520,19564.0,No
RealEstateServices,37,10,Existing,3,10,Urban,Yes,100000,50000,0,0,0.5,0,1110,18092.0,Yes
RentalLeasing,69,1,New,4,5,Urban,No,360000,270000,1,0,0.75,0,2070,19052.0,No
RentalLeasing,32,1,New,4,5,Urban,Yes,100000,85000,1,0,0.85,1,960,18065.0,No
RealEstateServices,2,4,Existing,2,4,Urban,Yes,40000,20000,0,0,0.5,0,60,17012.0,Yes
RealEstateServices,62,1,Existing,0,1,Urban,No,50000,25000,0,0,0.5,0,1860,18842.0,Yes
RealEstateServices,84,1,Existing,0,1,Urban,Yes,30000,15000,0,0,0.5,0,2520,19594.0,No
RealEstateServices,24,12,Existing,0,12,Urban,Yes,35000,17500,0,0,0.5,1,720,17794.0,Yes
RealEstateServices,58,2,Existing,1,2,Urban,No,50000,25000,0,0,0.5,0,1740,18722.0,Yes
RealEstateServices,84,2,Existing,0,2,Urban,Yes,50000,25000,0,0,0.5,0,2520,19502.0,No
RealEstateServices,51,12,Existing,3,12,Urban,No,50000,25000,0,0,0.5,0,1530,18512.0,Yes
RealEstateServices,84,4,Existing,2,4,Urban,No,25000,12500,0,0,0.5,0,2520,19502.0,No
RealEstateServices,38,3,Existing,0,3,Urban,Yes,10000,5000,0,0,0.5,0,1140,18122.0,Yes
RealEstateServices,50,2,Existing,0,2,Urban,No,35000,17500,0,0,0.5,0,1500,18482.0,Yes
RealEstateServices,84,1,Existing,0,1,Urban,Yes,10000,5000,0,0,0.5,0,2520,19502.0,No
RealEstateServices,55,10,Existing,0,10,Urban,Yes,35000,17500,0,0,0.5,0,1650,18724.0,Yes
RealEstateServices,58,13,Existing,1,13,Urban,Yes,100000,50000,0,0,0.5,0,1740,18722.0,Yes
RealEstateServices,54,1,Existing,0,1,Urban,Yes,50000,25000,0,0,0.5,0,1620,18541.0,Yes
RealEstateServices,64,2,Existing,0,2,Urban,Unknown,35000,17500,0,0,0.5,0,1920,18933.0,Yes
RentalLeasing,84,1,Existing,1,1,Urban,Yes,5000,2500,0,0,0.5,0,2520,20598.0,No
RealEstateServices,84,1,Existing,0,1,Urban,Yes,10000,5000,0,0,0.5,0,2520,19564.0,No
RentalLeasing,120,23,Existing,0,23,Urban,Unknown,1000000,750000,0,0,0.75,0,3600,20552.0,No
RealEstateServices,84,2,Existing,0,2,Urban,No,25000,12500,0,0,0.5,0,2520,19502.0,No
RealEstateServices,84,2,Existing,0,2,Urban,Yes,25000,12500,0,0,0.5,0,2520,19929.0,No
RealEstateServices,64,2,New,0,2,Urban,Unknown,10000,5000,1,0,0.5,0,1920,18933.0,Yes
RealEstateLessors,120,1,New,5,6,Urban,No,320000,240000,1,0,0.75,0,3600,20613.0,No
RealEstateServices,59,2,Existing,1,3,Urban,Yes,20000,10000,0,0,0.5,0,1770,18783.0,Yes
RealEstateServices,23,3,Existing,3,3,Urban,Yes,35000,17500,0,0,0.5,1,690,17672.0,Yes
RealEstateServices,84,6,New,10,6,Urban,Yes,5000,2500,1,0,0.5,0,2520,20598.0,No
RealEstateServices,60,2,Existing,2,4,Urban,No,28000,14000,0,0,0.5,0,1800,18782.0,No
RealEstateServices,84,1,Existing,0,1,Urban,Yes,40000,20000,0,0,0.5,0,2520,19502.0,No
RealEstateServices,240,1,Existing,9,0,Urban,Unknown,454000,454000,0,1,1.0,0,7200,24194.0,No
RentalLeasing,65,1,Existing,2,1,Urban,Yes,35000,17500,0,0,0.5,0,1950,18932.0,Yes
RealEstateServices,84,2,Existing,1,3,Urban,Yes,10000,5000,0,0,0.5,0,2520,19564.0,No
RealEstateServices,84,3,New,0,3,Rural,Yes,5000,2500,1,0,0.5,0,2520,20629.0,No
RentalLeasing,84,1,Existing,0,1,Urban,Yes,35000,17500,0,0,0.5,0,2520,19472.0,No
RentalLeasing,90,2,Existing,1,1,Urban,Unknown,125000,106250,0,0,0.85,0,2700,19652.0,No
RealEstateServices,51,7,Existing,0,7,Urban,No,35000,17500,0,0,0.5,0,1530,18665.0,Yes
RealEstateServices,42,13,Existing,0,13,Urban,Unknown,35000,17500,0,0,0.5,0,1260,18304.0,Yes
RentalLeasing,44,1,New,0,1,Urban,Yes,5500,2750,1,0,0.5,0,1320,18272.0,Yes
RealEstateServices,240,35,Existing,10,0,Urban,Unknown,167000,167000,0,1,1.0,0,7200,24194.0,No
RentalLeasing,109,6,Existing,0,0,Unknown,Unknown,970000,727500,0,0,0.75,0,3270,17392.0,No
RentalLeasing,300,2,New,2,2,Rural,No,76500,65025,1,1,0.85,0,9000,26044.0,No
RentalLeasing,84,2,New,2,2,Rural,No,12500,10625,1,0,0.85,0,2520,19564.0,No
RentalLeasing,60,2,New,2,2,Rural,Yes,10000,8500,1,0,0.85,0,1800,18844.0,No
RealEstateServices,240,9,Existing,2,0,Urban,Unknown,404000,404000,0,1,1.0,0,7200,24229.0,No
RealEstateServices,55,3,Existing,0,3,Urban,No,35000,17500,0,0,0.5,0,1650,18755.0,Yes
RealEstateServices,43,2,Existing,0,2,Urban,Yes,10000,5000,0,0,0.5,0,1290,18334.0,Yes
RealEstateServices,84,7,Existing,0,7,Urban,Yes,15000,7500,0,0,0.5,0,2520,19564.0,No
RealEstateServices,84,1,Existing,0,1,Urban,No,25000,12500,0,0,0.5,0,2520,19594.0,No
RealEstateServices,84,2,Existing,0,2,Urban,No,100000,50000,0,0,0.5,0,2520,19594.0,No
RealEstateServices,60,1,New,0,1,Urban,Yes,23000,11500,1,0,0.5,0,1800,18813.0,Yes
RealEstateServices,279,12,Existing,0,12,Urban,Unknown,441000,330750,0,1,0.75,0,8370,25322.0,Yes
RealEstateServices,60,10,Existing,2,10,Urban,Yes,100000,50000,0,0,0.5,0,1800,18782.0,Yes
RealEstateServices,36,1,New,0,1,Rural,Yes,50000,25000,1,0,0.5,0,1080,18124.0,No
RealEstateServices,240,5,Existing,10,0,Urban,Unknown,344000,344000,0,1,1.0,0,7200,24229.0,No
RealEstateServices,56,1,Existing,0,1,Urban,No,10000,5000,0,0,0.5,0,1680,18724.0,Yes
RealEstateServices,62,1,Existing,0,1,Urban,Yes,24000,12000,0,0,0.5,0,1860,18904.0,Yes
RealEstateServices,61,15,Existing,0,15,Urban,Yes,100000,50000,0,0,0.5,0,1830,18904.0,Yes
RealEstateServices,240,1,New,15,0,Urban,Unknown,547000,547000,1,1,1.0,0,7200,24285.0,No
RealEstateServices,47,10,Existing,0,10,Urban,No,85000,42500,0,0,0.5,0,1410,18454.0,Yes
RealEstateServices,9,1,Existing,4,1,Urban,No,100000,50000,0,0,0.5,0,270,17375.0,Yes
RealEstateServices,84,2,Existing,2,4,Urban,Yes,48000,24000,0,0,0.5,0,2520,19625.0,No
RealEstateServices,70,2,Existing,0,2,Urban,Yes,30000,15000,0,0,0.5,0,2100,19144.0,Yes
RealEstateServices,84,1,Existing,0,1,Urban,Yes,16000,8000,0,0,0.5,0,2520,19594.0,No
RealEstateServices,72,8,New,5,13,Urban,Yes,150000,75000,1,0,0.5,0,2160,19234.0,No
RealEstateServices,84,3,Existing,1,4,Urban,Yes,25000,12500,0,0,0.5,0,2520,19594.0,No
RealEstateServices,84,3,Existing,0,3,Urban,Yes,20000,10000,0,0,0.5,0,2520,19776.0,No
RealEstateServices,68,4,New,2,6,Urban,Yes,30000,15000,1,0,0.5,0,2040,19145.0,Yes
RentalLeasing,84,11,Existing,0,11,Urban,Yes,15000,7500,0,0,0.5,0,2520,19533.0,No
RealEstateServices,66,3,Existing,2,3,Urban,No,75000,37500,0,0,0.5,0,1980,19085.0,Yes
RealEstateServices,259,2,Existing,2,2,Urban,Unknown,521538,391153,0,1,0.749999041,0,7770,24783.0,Yes
RealEstateServices,44,1,Existing,0,1,Urban,Yes,29600,14800,0,0,0.5,0,1320,18394.0,Yes
RealEstateServices,65,1,Existing,0,1,Urban,No,15000,12750,0,0,0.85,0,1950,19024.0,Yes
RealEstateServices,55,5,Existing,2,5,Urban,No,50000,25000,0,0,0.5,0,1650,18755.0,Yes
RentalLeasing,84,21,New,0,0,Unknown,Unknown,100000,80000,1,0,0.8,0,2520,16580.0,No
RealEstateServices,45,6,Existing,0,6,Urban,Yes,50000,25000,0,0,0.5,0,1350,18455.0,Yes
RealEstateServices,240,2,Existing,1,2,Urban,Unknown,150000,150000,0,1,1.0,0,7200,24194.0,No
RealEstateServices,84,1,Existing,0,1,Urban,No,15000,7500,0,0,0.5,0,2520,19625.0,No
RealEstateServices,240,100,New,50,0,Urban,Unknown,785000,785000,1,1,1.0,0,7200,24229.0,No
RentalLeasing,84,6,Existing,0,0,Unknown,Unknown,27000,13500,0,0,0.5,0,2520,16550.0,No
RentalLeasing,120,20,Existing,0,0,Unknown,Unknown,1000000,750000,0,0,0.75,1,3600,17630.0,No
RealEstateServices,84,1,New,0,1,Urban,Yes,10000,5000,1,0,0.5,0,2520,19625.0,No
RentalLeasing,84,1,Existing,0,1,Urban,No,25000,12500,0,0,0.5,0,2520,19655.0,No
RealEstateServices,84,1,Existing,0,1,Urban,Yes,33000,16500,0,0,0.5,0,2520,19655.0,No
RealEstateServices,99,1,New,1,1,Urban,Unknown,60000,30000,1,0,0.5,0,2970,19983.0,Yes
RentalLeasing,35,3,Existing,0,3,Rural,Yes,30000,15000,0,0,0.5,1,1050,18032.0,Yes
RealEstateLessors,69,2,New,6,8,Urban,No,5000,4250,1,0,0.85,0,2070,19175.0,Yes
RealEstateServices,56,1,New,2,1,Urban,No,20000,10000,1,0,0.5,0,1680,18846.0,Yes
RealEstateServices,84,1,Existing,0,1,Urban,Yes,30000,15000,0,0,0.5,0,2520,19655.0,No
RealEstateServices,120,2,New,2,2,Urban,Unknown,105000,89250,1,0,0.85,0,3600,20613.0,No
RealEstateServices,57,1,Existing,2,3,Urban,Yes,25000,12500,0,0,0.5,0,1710,18723.0,Yes
RealEstateServices,35,1,Existing,2,3,Urban,Yes,5000,2500,0,0,0.5,0,1050,18185.0,Yes
RealEstateServices,84,1,Existing,3,1,Urban,Yes,10000,5000,0,0,0.5,0,2520,19625.0,No
RealEstateServices,52,2,New,2,4,Urban,Yes,20000,10000,1,0,0.5,0,1560,18665.0,Yes
RealEstateServices,240,7,Existing,12,1,Urban,Unknown,475000,475000,0,1,1.0,0,7200,24530.0,No
RealEstateServices,84,1,Existing,0,1,Urban,No,15000,7500,0,0,0.5,0,2520,19655.0,No
RealEstateServices,84,3,Existing,0,3,Urban,Yes,50000,25000,0,0,0.5,0,2520,19717.0,No
RentalLeasing,60,4,Existing,0,4,Urban,No,70000,59500,0,0,0.85,0,1800,18935.0,No
RealEstateServices,84,3,Existing,2,3,Urban,No,25000,12500,0,0,0.5,0,2520,19655.0,No
RentalLeasing,120,7,Existing,0,0,Unknown,No,360000,270000,0,0,0.75,1,3600,17722.0,No
RealEstateServices,220,23,Existing,0,23,Urban,No,791000,593250,0,0,0.75,0,6600,23735.0,Yes
RentalLeasing,55,1,Existing,0,1,Rural,Yes,30000,15000,0,0,0.5,0,1650,18632.0,Yes
RealEstateServices,67,1,Existing,1,1,Urban,No,35000,17500,0,0,0.5,0,2010,19176.0,Yes
RealEstateServices,90,2,Existing,4,2,Urban,No,50000,25000,0,0,0.5,0,2700,19835.0,No
RealEstateServices,84,1,New,0,1,Urban,No,25000,12500,1,0,0.5,0,2520,19655.0,No
RentalLeasing,84,5,Existing,0,0,Unknown,Unknown,60000,48000,0,0,0.8,0,2520,16580.0,No
RealEstateServices,33,1,Existing,0,1,Urban,No,35000,17500,0,0,0.5,0,990,18125.0,Yes
RealEstateServices,84,1,Existing,0,1,Urban,Yes,25000,12500,0,0,0.5,0,2520,20051.0,No
RealEstateServices,58,2,Existing,0,2,Urban,No,35000,17500,0,0,0.5,0,1740,18906.0,Yes
RealEstateServices,275,2,New,0,2,Urban,Unknown,590600,442950,1,1,0.75,0,8250,25232.0,Yes
RealEstateLessors,84,5,Existing,0,5,Urban,Yes,100000,50000,0,0,0.5,0,2520,19745.0,No
RealEstateServices,52,1,Existing,1,2,Urban,Yes,20000,10000,0,0,0.5,0,1560,18726.0,Yes
RealEstateServices,259,2,Existing,0,2,Urban,Unknown,531700,398775,0,1,0.75,0,7770,24844.0,Yes
RealEstateServices,39,4,Existing,0,4,Urban,Yes,35000,17500,0,0,0.5,0,1170,18305.0,Yes
RealEstateServices,42,4,Existing,0,4,Urban,Yes,10000,5000,0,0,0.5,0,1260,18395.0,Yes
RealEstateServices,58,2,Existing,0,2,Rural,Yes,25000,12500,0,0,0.5,0,1740,18722.0,Yes
RealEstateServices,57,6,New,0,6,Urban,Yes,50000,25000,1,0,0.5,0,1710,18845.0,Yes
RentalLeasing,84,1,New,2,3,Urban,Yes,33000,16500,1,0,0.5,0,2520,19655.0,No
RentalLeasing,120,1,Existing,0,0,Unknown,Unknown,50000,40000,0,0,0.8,1,3600,17691.0,No
RealEstateServices,84,1,Existing,1,1,Urban,Yes,50000,25000,0,0,0.5,0,2520,19533.0,No
RealEstateServices,49,1,New,0,1,Urban,Yes,5000,2500,1,0,0.5,0,1470,18605.0,Yes
RealEstateServices,57,2,New,0,2,Urban,No,10000,5000,1,0,0.5,0,1710,18845.0,Yes
RealEstateServices,30,2,New,0,2,Urban,Yes,50000,25000,1,0,0.5,1,900,18066.0,Yes
RealEstateServices,84,1,New,0,1,Urban,Yes,20000,10000,1,0,0.5,0,2520,19655.0,No
RentalLeasing,84,5,Existing,0,0,Unknown,Unknown,60000,48000,0,0,0.8,0,2520,16642.0,No
RealEstateServices,12,1,New,1,1,Urban,Yes,250000,187500,1,0,0.75,1,360,17526.0,No
RentalLeasing,98,20,Existing,0,0,Unknown,Unknown,100000,80000,0,0,0.8,0,2940,17031.0,No
RealEstateServices,60,1,New,1,2,Urban,No,32100,16050,1,0,0.5,0,1800,18966.0,No
RealEstateServices,52,8,Existing,0,8,Urban,Yes,100000,50000,0,0,0.5,0,1560,18726.0,Yes
RealEstateServices,57,10,Existing,5,10,Urban,Unknown,150000,127500,0,0,0.85,0,1710,18692.0,Yes
RealEstateServices,58,4,Existing,0,4,Rural,Yes,30000,15000,0,0,0.5,0,1740,18722.0,Yes
RealEstateServices,22,1,Existing,0,1,Urban,Yes,29000,14500,0,0,0.5,1,660,17826.0,Yes
RentalLeasing,60,4,Existing,0,0,Unknown,Unknown,29000,14500,0,0,0.5,0,1800,15922.0,No
RealEstateServices,26,1,Existing,1,2,Urban,Yes,50000,25000,0,0,0.5,0,780,18432.0,Yes
RentalLeasing,276,23,Existing,0,0,Unknown,Unknown,881800,661350,0,1,0.75,0,8280,22705.0,No
RealEstateServices,48,1,Existing,0,1,Urban,Yes,100000,50000,0,0,0.5,0,1440,18637.0,Yes
RentalLeasing,120,6,Existing,0,0,Unknown,Unknown,105000,78750,0,0,0.75,1,3600,17752.0,No
RealEstateServices,1,3,Existing,0,3,Urban,Yes,12500,6250,0,0,0.5,0,30,17165.0,Yes
RealEstateServices,277,4,Existing,0,0,Urban,No,640700,480525,0,1,0.75,0,8310,25292.0,Yes
RealEstateServices,84,5,New,0,5,Urban,Yes,10000,5000,1,0,0.5,0,2520,19717.0,No
RealEstateServices,65,1,Existing,1,1,Urban,Yes,100000,50000,0,0,0.5,0,1950,19116.0,Yes
RealEstateLessors,300,7,Existing,0,0,Unknown,No,200000,150000,0,1,0.75,0,9000,23213.0,No
RealEstateServices,300,4,Existing,0,4,Urban,Unknown,230500,172875,0,1,0.75,0,9000,26044.0,No
RealEstateServices,240,13,Existing,37,13,Rural,Unknown,392000,392000,0,1,1.0,0,7200,24257.0,No
RealEstateServices,59,5,Existing,3,8,Urban,Yes,20000,10000,0,0,0.5,0,1770,18936.0,Yes
RealEstateServices,84,1,New,0,1,Urban,Yes,50000,25000,1,0,0.5,0,2520,19898.0,No
RealEstateServices,29,2,Existing,0,2,Urban,Yes,40000,20000,0,0,0.5,1,870,17852.0,Yes
RealEstateServices,84,1,Existing,0,1,Urban,Yes,10000,5000,0,0,0.5,0,2520,19502.0,No
RealEstateServices,97,1,Existing,0,1,Urban,No,25000,21250,0,0,0.85,0,2910,20076.0,Yes
RealEstateServices,54,4,Existing,0,4,Urban,Yes,50000,25000,0,0,0.5,0,1620,18876.0,Yes
RealEstateServices,65,7,Existing,2,7,Urban,No,100000,50000,0,0,0.5,0,1950,19147.0,Yes
RealEstateServices,48,3,Existing,0,3,Urban,Yes,20000,10000,0,0,0.5,0,1440,18606.0,Yes
RentalLeasing,300,5,Existing,0,0,Unknown,Unknown,180000,135000,0,1,0.75,0,9000,23091.0,No
RealEstateServices,84,2,Existing,0,2,Urban,No,25000,12500,0,0,0.5,0,2520,19717.0,No
RealEstateServices,84,3,Existing,1,3,Rural,Yes,50000,25000,0,0,0.5,0,2520,19533.0,No
RealEstateServices,75,5,Existing,0,5,Rural,Yes,50000,25000,0,0,0.5,0,2250,19263.0,Yes
RealEstateLessors,84,4,New,0,4,Urban,Yes,15000,7500,1,0,0.5,0,2520,19686.0,No
RentalLeasing,84,10,Existing,0,0,Unknown,Yes,50000,25000,0,0,0.5,0,2520,16642.0,No
RealEstateServices,65,3,Existing,2,3,Urban,Yes,35000,17500,0,0,0.5,0,1950,19147.0,Yes
RentalLeasing,300,4,Existing,2,0,Unknown,Unknown,688500,516375,0,1,0.75,0,9000,23091.0,No
RealEstateServices,27,100,Existing,0,100,Urban,Unknown,610000,457500,0,0,0.75,1,810,17823.0,Yes
RealEstateServices,67,2,Existing,1,2,Urban,No,100000,50000,0,0,0.5,0,2010,19235.0,Yes
RealEstateServices,32,4,Existing,1,5,Urban,Yes,35000,17500,0,0,0.5,1,960,17973.0,Yes
RealEstateServices,70,1,Existing,1,1,Urban,No,15000,7500,0,0,0.5,0,2100,19297.0,Yes
RealEstateServices,54,1,New,1,1,Urban,No,20000,17000,1,0,0.85,0,1620,18817.0,Yes
RealEstateServices,46,2,Existing,0,2,Urban,Yes,20000,10000,0,0,0.5,0,1380,18393.0,Yes
RentalLeasing,50,2,New,0,2,Urban,Yes,20000,10000,1,0,0.5,0,1500,18697.0,Yes
RealEstateServices,51,2,New,0,2,Urban,Yes,40000,20000,1,0,0.5,0,1530,18786.0,Yes
RealEstateServices,20,4,Existing,0,4,Urban,Yes,10000,5000,0,0,0.5,1,600,17797.0,Yes
RealEstateServices,0,4,Existing,4,4,Urban,Yes,50000,25000,0,0,0.5,0,0,17044.0,Yes
RealEstateServices,36,4,Existing,4,4,Urban,Yes,10000,5000,0,0,0.5,0,1080,18154.0,Yes
RealEstateLessors,240,1,New,15,0,Urban,Unknown,497000,497000,1,1,1.0,0,7200,24558.0,No
RentalLeasing,47,1,Existing,1,1,Urban,No,15000,12750,0,0,0.85,0,1410,18607.0,Yes
RealEstateLessors,84,2,New,0,2,Urban,Yes,50000,25000,1,0,0.5,0,2520,19776.0,No
RealEstateServices,59,1,New,0,1,Urban,Yes,20000,10000,1,0,0.5,0,1770,18995.0,Yes
RentalLeasing,61,2,Existing,0,2,Urban,Yes,10000,5000,0,0,0.5,0,1830,18843.0,Yes
RealEstateServices,58,1,Existing,0,1,Urban,No,19000,9500,0,0,0.5,0,1740,18937.0,Yes
RealEstateServices,34,2,Existing,2,2,Urban,No,15000,12750,0,0,0.85,0,1020,18217.0,Yes
RentalLeasing,99,2,Existing,2,2,Urban,No,67500,57375,0,0,0.85,0,2970,20195.0,Yes
RentalLeasing,50,2,Existing,2,2,Urban,Unknown,10000,8500,0,0,0.85,0,1500,18725.0,Yes
RealEstateServices,57,2,Existing,0,2,Urban,No,50000,25000,0,0,0.5,0,1710,18907.0,Yes
RealEstateServices,84,2,Existing,0,2,Urban,Yes,30000,15000,0,0,0.5,0,2520,19776.0,No
RealEstateServices,84,9,New,0,9,Urban,Yes,35000,17500,1,0,0.5,0,2520,19745.0,No
RentalLeasing,300,7,Existing,3,4,Urban,No,526000,394500,0,1,0.75,0,9000,26197.0,No
RentalLeasing,93,0,New,1,1,Urban,No,193200,144900,1,0,0.75,0,2790,20015.0,Yes
RealEstateServices,4,3,Existing,0,3,Urban,Yes,25000,12500,0,0,0.5,0,120,17164.0,Yes
RealEstateServices,53,4,Existing,3,7,Urban,Yes,50000,25000,0,0,0.5,0,1590,18787.0,Yes
RealEstateServices,43,6,Existing,0,6,Urban,Yes,35000,17500,0,0,0.5,0,1290,18487.0,Yes
RealEstateServices,60,2,Existing,0,2,Urban,No,100000,50000,0,0,0.5,0,1800,19025.0,Yes
RealEstateServices,60,2,New,0,2,Urban,No,19300,9650,1,0,0.5,0,1800,19025.0,No
RealEstateServices,64,5,New,0,5,Urban,Yes,50000,25000,1,0,0.5,0,1920,19145.0,Yes
RealEstateServices,84,1,Existing,0,1,Urban,No,50000,25000,0,0,0.5,0,2520,19776.0,No
RentalLeasing,69,1,Existing,3,1,Urban,No,10000,8500,0,0,0.85,0,2070,19356.0,Yes
RentalLeasing,44,2,Existing,0,2,Urban,No,82500,41250,0,0,0.5,0,1320,18545.0,Yes
RealEstateServices,73,25,Existing,0,25,Urban,Yes,20000,10000,0,0,0.5,0,2190,19234.0,Yes
RealEstateServices,65,1,Existing,0,1,Urban,Yes,50000,25000,0,0,0.5,0,1950,19267.0,Yes
RentalLeasing,60,2,Existing,2,2,Urban,Unknown,100000,50000,0,0,0.5,0,1800,18813.0,No
RealEstateServices,62,6,Existing,0,6,Urban,No,35000,17500,0,0,0.5,0,1860,19085.0,Yes
RealEstateServices,63,2,Existing,0,2,Urban,Yes,20000,10000,0,0,0.5,0,1890,19115.0,Yes
RealEstateServices,59,4,Existing,0,4,Urban,Yes,82500,41250,0,0,0.5,0,1770,18995.0,Yes
RealEstateServices,84,2,Existing,0,2,Rural,Yes,25000,12500,0,0,0.5,0,2520,19533.0,No
RealEstateServices,57,1,Existing,0,1,Urban,No,35000,17500,0,0,0.5,0,1710,18935.0,Yes
RealEstateServices,49,1,Existing,0,1,Urban,No,100000,50000,0,0,0.5,0,1470,18726.0,Yes
RentalLeasing,84,16,Existing,0,16,Urban,Yes,25000,12500,0,0,0.5,0,2520,19745.0,No
RealEstateServices,275,16,Existing,5,16,Rural,Unknown,240000,180000,0,1,0.75,0,8250,25294.0,Yes
RealEstateServices,88,16,Existing,5,16,Rural,Unknown,160000,120000,0,0,0.75,0,2640,19684.0,Yes
RealEstateServices,240,50,Existing,15,0,Urban,Unknown,341000,341000,0,1,1.0,0,7200,24285.0,No
RealEstateServices,273,16,Existing,5,16,Rural,Unknown,120000,90000,0,1,0.75,0,8190,25234.0,Yes
RealEstateServices,69,2,Existing,0,2,Urban,Yes,50000,25000,0,0,0.5,0,2070,19387.0,Yes
RentalLeasing,60,2,Existing,0,2,Urban,Unknown,104000,41600,0,0,0.4,0,1800,18874.0,No
RealEstateServices,26,1,Existing,5,6,Urban,No,75000,37500,0,0,0.5,1,780,18005.0,Yes
RentalLeasing,84,1,New,1,0,Urban,No,10000,8500,1,0,0.85,0,2520,19745.0,No
RealEstateServices,35,1,Existing,0,1,Urban,Yes,12000,6000,0,0,0.5,0,1050,18275.0,Yes
RealEstateServices,45,1,Existing,2,1,Urban,Yes,25000,12500,0,0,0.5,0,1350,18667.0,Yes
RealEstateServices,240,16,Existing,15,0,Urban,Unknown,580000,580000,0,1,1.0,0,7200,24320.0,No
RealEstateServices,60,2,Existing,1,2,Urban,Yes,50000,25000,0,0,0.5,0,1800,19056.0,Yes
RealEstateServices,84,3,New,0,3,Urban,Yes,5000,2500,1,0,0.5,0,2520,19776.0,No
RealEstateServices,111,6,New,0,6,Urban,No,35000,17500,1,0,0.5,0,3330,20586.0,No
RealEstateServices,84,7,Existing,0,0,Unknown,Unknown,30000,24000,0,0,0.8,0,2520,16733.0,No
RealEstateServices,62,2,Existing,0,2,Urban,Yes,50000,25000,0,0,0.5,0,1860,19085.0,Yes
RealEstateServices,268,14,Existing,0,14,Urban,No,481500,361125,0,1,0.75,0,8040,25296.0,Yes
RealEstateServices,68,1,Existing,0,1,Urban,No,50000,25000,0,0,0.5,0,2040,19296.0,Yes
RealEstateServices,84,12,Existing,0,12,Urban,Yes,35000,17500,0,0,0.5,0,2520,19867.0,No
RealEstateServices,63,2,Existing,0,2,Urban,Yes,45000,22500,0,0,0.5,0,1890,19207.0,Yes
RentalLeasing,120,5,Existing,0,0,Unknown,No,300000,225000,0,0,0.75,1,3600,17783.0,No
RealEstateServices,48,1,Existing,0,1,Rural,Yes,25000,12500,0,0,0.5,0,1440,18484.0,Yes
RentalLeasing,12,2,Existing,0,0,Unknown,Yes,25000,12500,0,0,0.5,0,360,14604.0,Yes
RealEstateServices,84,4,Existing,1,4,Urban,Yes,20000,10000,0,0,0.5,0,2520,19806.0,No
RentalLeasing,120,2,New,1,2,Urban,No,300000,225000,1,0,0.75,0,3600,20856.0,No
RealEstateServices,59,15,Existing,0,15,Urban,Yes,50000,25000,0,0,0.5,0,1770,19026.0,Yes
RentalLeasing,300,1,Existing,0,0,Unknown,No,134000,100500,0,1,0.75,0,9000,23152.0,No
RealEstateServices,55,5,Existing,1,5,Urban,No,100000,50000,0,0,0.5,0,1650,18906.0,Yes
RentalLeasing,84,1,Existing,1,1,Urban,No,25000,21250,0,0,0.85,0,2520,19776.0,No
RentalLeasing,84,4,New,0,4,Urban,Yes,25000,12500,1,0,0.5,0,2520,19564.0,No
RealEstateServices,62,16,Existing,0,16,Urban,No,15000,7500,0,0,0.5,0,1860,19146.0,Yes
RealEstateServices,84,1,Existing,0,1,Urban,No,15000,7500,0,0,0.5,0,2520,19776.0,No
RealEstateServices,240,15,Existing,5,0,Urban,Unknown,286000,286000,0,1,1.0,0,7200,24285.0,No
RealEstateServices,61,2,Existing,0,2,Urban,No,12000,6000,0,0,0.5,0,1830,19116.0,Yes
RentalLeasing,120,2,Existing,0,0,Unknown,Unknown,100000,80000,0,0,0.8,1,3600,17752.0,No
RealEstateServices,55,2,New,0,2,Urban,No,12000,6000,1,0,0.5,0,1650,18936.0,Yes
RealEstateServices,240,5,New,30,0,Urban,Unknown,165000,165000,1,1,1.0,0,7200,24348.0,No
RealEstateServices,61,1,New,0,1,Urban,Yes,35000,17500,1,0,0.5,0,1830,19239.0,Yes
RealEstateServices,240,7,Existing,4,0,Urban,Unknown,724000,724000,0,1,1.0,0,7200,24467.0,No
RealEstateServices,84,25,Existing,0,0,Unknown,Yes,32900,16450,0,0,0.5,0,2520,16733.0,No
RentalLeasing,101,3,Existing,2,3,Urban,No,200000,150000,0,0,0.75,0,3030,20286.0,Yes
RealEstateServices,30,1,Existing,0,1,Urban,Yes,10000,5000,0,0,0.5,0,900,18156.0,Yes
RealEstateServices,49,3,Existing,2,5,Urban,Yes,10000,5000,0,0,0.5,0,1470,18544.0,Yes
RentalLeasing,43,7,Existing,0,7,Urban,Yes,20000,10000,0,0,0.5,0,1290,18699.0,Yes
RealEstateServices,84,2,Existing,1,2,Urban,No,100000,50000,0,0,0.5,0,2520,19837.0,No
RealEstateServices,37,1,Existing,0,1,Urban,Yes,50000,25000,0,0,0.5,0,1110,18184.0,Yes
RentalLeasing,240,5,Existing,5,0,Urban,Unknown,371000,371000,0,1,1.0,0,7200,24348.0,No
RealEstateLessors,63,12,Existing,2,14,Urban,Yes,50000,25000,0,0,0.5,0,1890,19176.0,Yes
RealEstateLessors,276,3,Existing,0,0,Unknown,No,1050000,749994,0,1,0.71428,0,8280,22493.0,No
RealEstateServices,32,2,Existing,0,2,Urban,Yes,25000,12500,0,0,0.5,0,960,18246.0,Yes
RealEstateServices,240,7,Existing,2,0,Urban,Unknown,598000,598000,0,1,1.0,0,7200,24439.0,No
RealEstateLessors,35,3,Existing,1,3,Urban,Yes,50000,25000,0,0,0.5,0,1050,18428.0,Yes
RealEstateServices,240,7,Existing,7,0,Urban,Unknown,1003000,1003000,0,1,1.0,0,7200,24439.0,No
RealEstateServices,257,2,Existing,0,2,Urban,Unknown,716300,537225,0,1,0.75,0,7710,24784.0,Yes
RealEstateServices,51,1,Existing,0,0,Urban,Yes,5000,2500,0,0,0.5,0,1530,18665.0,Yes
RealEstateServices,68,20,Existing,50,20,Urban,No,100000,50000,0,0,0.5,0,2040,19326.0,Yes
RealEstateLessors,240,1,Existing,26,0,Urban,Unknown,1836000,1836000,0,1,1.0,0,7200,25265.0,No
RealEstateLessors,240,6,New,8,6,Urban,Unknown,1386000,1386000,1,1,1.0,0,7200,24320.0,No
RealEstateServices,300,4,Existing,1,3,Urban,No,1329000,996750,0,1,0.75,0,9000,26286.0,No
RealEstateServices,300,4,Existing,1,3,Urban,No,120000,90000,0,1,0.75,0,9000,26286.0,No
RealEstateServices,83,2,Existing,1,2,Urban,No,25000,21250,0,0,0.85,0,2490,19776.0,Yes
RealEstateServices,68,5,Existing,0,5,Urban,Yes,50000,25000,0,0,0.5,0,2040,19326.0,Yes
RentalLeasing,82,1,New,0,1,Urban,No,25000,21250,1,0,0.85,0,2460,19746.0,Yes
RealEstateServices,240,140,Existing,45,0,Urban,Unknown,893000,893000,0,1,1.0,0,7200,24656.0,No
RealEstateServices,84,2,Existing,0,2,Urban,Yes,35000,17500,0,0,0.5,0,2520,19806.0,No
RealEstateServices,43,4,Existing,0,4,Urban,Unknown,35000,17500,0,0,0.5,0,1290,18576.0,Yes
RealEstateServices,69,3,Existing,0,3,Urban,Yes,55000,27500,0,0,0.5,0,2070,19356.0,Yes
RentalLeasing,60,1,New,1,1,Urban,No,149800,127330,1,0,0.85,0,1800,19147.0,Yes
RealEstateServices,72,2,Existing,0,2,Urban,Yes,35000,17500,0,0,0.5,0,2160,19446.0,Yes
RealEstateServices,84,1,Existing,0,1,Rural,Yes,20000,10000,0,0,0.5,0,2520,20111.0,No
RealEstateServices,84,1,Existing,0,1,Urban,Yes,50000,25000,0,0,0.5,0,2520,19837.0,No
RealEstateLessors,36,6,Existing,3,9,Urban,Yes,150000,75000,0,0,0.5,0,1080,18277.0,No
RealEstateServices,71,1,Existing,1,1,Urban,No,25000,12500,0,0,0.5,0,2130,19447.0,Yes
RealEstateServices,72,2,Existing,0,2,Rural,Yes,50000,25000,0,0,0.5,0,2160,19904.0,Yes
RealEstateServices,38,8,Existing,0,8,Rural,Yes,45000,22500,0,0,0.5,0,1140,18214.0,Yes
RealEstateLessors,84,5,Existing,9,5,Urban,Unknown,170000,127500,0,0,0.75,0,2520,19625.0,No
RealEstateServices,84,1,Existing,0,1,Urban,Yes,25000,12500,0,0,0.5,0,2520,19837.0,No
RealEstateServices,70,10,Existing,1,10,Urban,Yes,50000,25000,0,0,0.5,0,2100,19478.0,Yes
RealEstateLessors,74,1,New,0,4,Rural,No,493800,370350,1,0,0.75,0,2220,19537.0,Yes
RentalLeasing,84,5,Existing,1,6,Urban,Yes,35000,17500,0,0,0.5,0,2520,19717.0,No
RealEstateServices,243,11,Existing,7,4,Urban,Unknown,882000,661500,0,1,0.75,0,7290,24425.0,Yes
RentalLeasing,61,5,New,0,5,Urban,No,25000,12500,1,0,0.5,0,1830,19147.0,Yes
RealEstateServices,68,1,Existing,0,1,Urban,Yes,10000,5000,0,0,0.5,0,2040,19357.0,Yes
RealEstateServices,84,1,New,0,1,Urban,Unknown,5000,2500,1,0,0.5,0,2520,19837.0,No
RealEstateServices,84,4,New,0,4,Urban,Yes,4500,2250,1,0,0.5,0,2520,19867.0,No
RentalLeasing,31,1,New,0,1,Rural,Yes,8000,4000,1,0,0.5,0,930,18247.0,Yes
RealEstateServices,289,5,Existing,2,5,Urban,Unknown,1493000,1119750,0,1,0.75,0,8670,25775.0,Yes
RealEstateServices,55,9,Existing,0,9,Urban,Unknown,50000,25000,0,0,0.5,0,1650,18967.0,Yes
RealEstateServices,68,3,Existing,0,3,Urban,Yes,50000,25000,0,0,0.5,0,2040,19357.0,Yes
RealEstateServices,59,6,Existing,3,6,Urban,Yes,100000,50000,0,0,0.5,0,1770,18875.0,Yes
RealEstateServices,74,13,Existing,3,13,Urban,Unknown,35000,17500,0,0,0.5,0,2220,19537.0,Yes
RentalLeasing,55,7,Existing,0,7,Urban,Yes,50000,25000,0,0,0.5,0,1650,18755.0,Yes
RealEstateServices,84,2,Existing,0,2,Urban,Yes,50000,25000,0,0,0.5,0,2520,19837.0,No
RealEstateServices,297,15,Existing,0,0,Rural,No,271900,203925,0,1,0.75,0,8910,26045.0,Yes
RealEstateServices,23,3,Existing,0,3,Urban,Yes,20000,10000,0,0,0.5,1,690,18037.0,Yes
RealEstateServices,51,1,Existing,0,1,Urban,Yes,50000,25000,0,0,0.5,0,1530,18939.0,Yes
RealEstateServices,64,56,Existing,0,56,Urban,No,35000,17500,0,0,0.5,0,1920,19237.0,Yes
RealEstateServices,71,3,Existing,0,3,Urban,Yes,30000,15000,0,0,0.5,0,2130,19477.0,Yes
RealEstateServices,84,3,New,0,3,Urban,Yes,5000,2500,1,0,0.5,0,2520,19837.0,No
RealEstateServices,287,6,Existing,0,6,Urban,Unknown,658000,493500,0,1,0.75,0,8610,25745.0,Yes
RentalLeasing,84,1,Existing,0,1,Urban,Yes,8000,4000,0,0,0.5,0,2520,19837.0,No
RealEstateServices,84,4,Existing,0,4,Urban,No,50000,25000,0,0,0.5,0,2520,19867.0,No
RealEstateServices,287,6,Existing,0,6,Urban,Unknown,120500,90375,0,1,0.75,0,8610,25745.0,Yes
RealEstateServices,58,7,Existing,0,7,Rural,Yes,50000,25000,0,0,0.5,0,1740,18845.0,Yes
RealEstateServices,40,0,New,0,0,Urban,No,15000,12750,1,0,0.85,0,1200,18517.0,No
RealEstateServices,63,1,New,0,1,Urban,No,6000,3000,1,0,0.5,0,1890,19207.0,Yes
RealEstateServices,84,1,New,0,1,Urban,Yes,10000,5000,1,0,0.5,0,2520,19625.0,No
RealEstateServices,98,2,New,2,2,Urban,Unknown,251000,188250,1,0,0.75,0,2940,20165.0,Yes
RentalLeasing,120,8,Existing,0,8,Urban,Unknown,300000,225000,0,0,0.75,0,3600,20735.0,No
RealEstateServices,240,18,Existing,4,0,Urban,Unknown,180000,180000,0,1,1.0,0,7200,24439.0,No
RealEstateServices,84,3,Existing,1,4,Urban,Yes,25000,12500,0,0,0.5,0,2520,19959.0,No
RealEstateServices,19,1,Existing,0,1,Urban,Yes,15000,7500,0,0,0.5,1,570,17887.0,Yes
RealEstateServices,68,1,Existing,0,1,Urban,No,30000,15000,0,0,0.5,0,2040,19357.0,Yes
RealEstateServices,59,2,New,0,2,Urban,Yes,35000,17500,1,0,0.5,0,1770,19117.0,Yes
RealEstateServices,45,6,Existing,0,6,Urban,Yes,35000,17500,0,0,0.5,0,1350,18667.0,Yes
RentalLeasing,108,3,Existing,0,0,Unknown,Unknown,76000,60800,0,0,0.8,0,3240,17484.0,No
RealEstateServices,84,1,Existing,0,1,Urban,Yes,30000,15000,0,0,0.5,0,2520,19867.0,No
RealEstateServices,275,2,Existing,0,2,Urban,Unknown,612000,459000,0,1,0.75,0,8250,25355.0,Yes
RealEstateServices,64,15,Existing,2,15,Urban,No,10000,5000,0,0,0.5,0,1920,19267.0,Yes
RealEstateServices,45,20,Existing,20,40,Urban,Yes,90000,45000,0,0,0.5,0,1350,18697.0,Yes
RentalLeasing,240,36,Existing,4,36,Urban,Unknown,804000,804000,0,1,1.0,0,7200,24383.0,No
RentalLeasing,36,2,Existing,0,2,Urban,No,15000,12750,0,0,0.85,0,1080,18397.0,Yes
RealEstateServices,90,2,Existing,0,2,Urban,No,25000,21250,0,0,0.85,0,2700,20047.0,Yes
RealEstateServices,291,1,Existing,0,1,Urban,Unknown,540000,405000,0,1,0.75,0,8730,25865.0,Yes
RentalLeasing,84,5,Existing,0,5,Unknown,Unknown,326000,244500,0,0,0.75,0,2520,16764.0,No
RealEstateServices,288,3,Existing,2,5,Urban,Unknown,534200,400650,0,1,0.75,0,8640,25775.0,No
RealEstateServices,47,6,Existing,0,6,Urban,Yes,30000,15000,0,0,0.5,0,1410,18757.0,Yes
RentalLeasing,93,2,Existing,0,2,Urban,No,200000,100000,0,0,0.5,0,2790,20137.0,Yes
RealEstateServices,71,10,New,0,10,Urban,Yes,35000,17500,1,0,0.5,0,2130,19477.0,Yes
RealEstateServices,120,0,New,11,11,Urban,No,350000,262500,1,0,0.75,0,3600,20947.0,No
RentalLeasing,60,5,Existing,0,5,Urban,Unknown,80000,40000,0,0,0.5,0,1800,18935.0,No
RealEstateServices,56,2,Existing,0,2,Urban,Yes,25000,12500,0,0,0.5,0,1680,18815.0,Yes
RealEstateServices,12,2,New,2,4,Rural,Yes,25000,12500,1,0,0.5,0,360,17495.0,No
RealEstateServices,48,8,Existing,0,8,Urban,Yes,35000,17500,0,0,0.5,0,1440,18787.0,Yes
RealEstateServices,69,6,Existing,0,6,Urban,Yes,35000,17500,0,0,0.5,0,2070,19417.0,Yes
RealEstateServices,240,10,Existing,7,10,Urban,Unknown,234000,234000,0,1,1.0,0,7200,24439.0,No
RealEstateServices,58,1,Existing,0,1,Urban,Yes,20000,10000,0,0,0.5,0,1740,19087.0,Yes
RealEstateServices,70,9,Existing,1,9,Urban,Yes,40000,20000,0,0,0.5,0,2100,19447.0,Yes
RealEstateServices,63,3,Existing,0,3,Rural,Yes,50000,25000,0,0,0.5,0,1890,19025.0,Yes
RentalLeasing,65,3,Existing,0,3,Urban,Yes,50000,25000,0,0,0.5,0,1950,19085.0,Yes
RealEstateServices,59,4,Existing,0,4,Urban,No,50000,25000,0,0,0.5,0,1770,19117.0,Yes
RealEstateServices,69,2,Existing,0,2,Urban,No,25000,12500,0,0,0.5,0,2070,19448.0,Yes
RealEstateServices,72,9,Existing,0,9,Urban,Unknown,25000,12500,0,0,0.5,0,2160,19295.0,No
RentalLeasing,84,24,Existing,0,24,Urban,Yes,150000,75000,0,0,0.5,0,2520,19867.0,No
RealEstateServices,240,65,Existing,35,65,Urban,Unknown,1620000,1620000,0,1,1.0,0,7200,24467.0,No
RealEstateServices,59,8,Existing,4,8,Rural,Yes,50000,25000,0,0,0.5,0,1770,18905.0,Yes
RealEstateServices,63,10,Existing,0,10,Urban,Yes,50000,25000,0,0,0.5,0,1890,19268.0,Yes
RealEstateServices,48,2,Existing,1,3,Urban,Yes,30000,15000,0,0,0.5,0,1440,18818.0,Yes
RealEstateServices,69,10,Existing,0,10,Urban,Yes,100000,50000,0,0,0.5,0,2070,19417.0,Yes
RealEstateServices,240,2,Existing,2,0,Urban,Unknown,883000,883000,0,1,1.0,0,7200,24439.0,No
RealEstateServices,240,7,Existing,20,0,Urban,Unknown,848000,848000,0,1,1.0,0,7200,24383.0,No
RealEstateServices,51,6,Existing,0,6,Rural,Yes,30000,15000,0,0,0.5,0,1530,18665.0,Yes
RealEstateServices,235,1,Existing,0,1,Urban,Unknown,1060000,795000,0,0,0.75,0,7050,24185.0,Yes
RealEstateServices,59,8,Existing,0,8,Urban,No,100000,50000,0,0,0.5,0,1770,19148.0,Yes
RealEstateServices,84,8,Existing,0,8,Urban,Yes,35000,17500,0,0,0.5,0,2520,19867.0,No
RentalLeasing,120,2,Existing,0,2,Urban,No,7500,6375,0,0,0.85,0,3600,20947.0,No
RentalLeasing,21,2,Existing,2,2,Urban,Yes,25000,12500,0,0,0.5,1,630,17796.0,Yes
RealEstateServices,62,3,Existing,3,3,Rural,Yes,30000,15000,0,0,0.5,0,1860,18995.0,Yes
RentalLeasing,300,7,New,0,0,Unknown,No,124000,93000,1,1,0.75,0,9000,23303.0,No
RealEstateServices,84,1,Existing,0,1,Urban,No,15000,7500,0,0,0.5,0,2520,19898.0,No
RealEstateServices,20,42,Existing,0,42,Urban,Yes,50000,25000,0,0,0.5,1,600,18039.0,Yes
RealEstateServices,240,1,Existing,11,0,Urban,Unknown,544000,544000,0,1,1.0,0,7200,24502.0,No
RentalLeasing,22,2,Existing,0,2,Urban,No,50000,25000,0,0,0.5,1,660,18038.0,Yes
RealEstateServices,240,10,Existing,7,10,Urban,Unknown,248000,248000,0,1,1.0,0,7200,24502.0,No
RealEstateServices,240,10,Existing,7,10,Urban,Unknown,322000,322000,0,1,1.0,0,7200,24502.0,No
RealEstateServices,54,6,Existing,2,6,Urban,Yes,35000,17500,0,0,0.5,0,1620,18786.0,Yes
RentalLeasing,69,1,New,0,1,Urban,Yes,15000,7500,1,0,0.5,0,2070,19448.0,Yes
RealEstateServices,84,1,Existing,0,1,Urban,Yes,50000,25000,0,0,0.5,0,2520,19929.0,No
RealEstateServices,84,10,Existing,0,10,Urban,No,30000,15000,0,0,0.5,0,2520,19898.0,No
RealEstateServices,84,1,Existing,2,1,Unknown,Unknown,40000,20000,0,0,0.5,0,2520,16823.0,No
RealEstateServices,70,3,Existing,0,3,Urban,Yes,10000,5000,0,0,0.5,0,2100,19386.0,Yes
RealEstateServices,84,2,Existing,0,2,Urban,Yes,35000,17500,0,0,0.5,0,2520,19686.0,No
RealEstateServices,73,2,Existing,0,2,Rural,Yes,30000,15000,0,0,0.5,0,2190,19356.0,Yes
RealEstateServices,84,2,New,1,3,Urban,Yes,15000,7500,1,0,0.5,0,2520,19929.0,No
RentalLeasing,46,2,Existing,0,2,Urban,Yes,35000,17500,0,0,0.5,0,1380,18942.0,Yes
RentalLeasing,18,11,Existing,1,12,Rural,Yes,50000,25000,0,0,0.5,1,540,17737.0,Yes
RealEstateServices,32,6,Existing,0,6,Urban,Yes,50000,25000,0,0,0.5,0,960,18126.0,Yes
RealEstateServices,84,1,Existing,1,1,Urban,No,15000,7500,0,0,0.5,0,2520,19898.0,No
RealEstateServices,73,1,Existing,0,1,Urban,Yes,10000,8500,0,0,0.85,0,2190,19568.0,Yes
RentalLeasing,5,2,Existing,0,2,Urban,Yes,55000,27500,0,0,0.5,0,150,17436.0,Yes
RealEstateServices,240,2,Existing,4,0,Urban,Unknown,157000,157000,0,1,1.0,0,7200,24530.0,No
RentalLeasing,52,5,Existing,1,1,Urban,No,25000,21250,0,0,0.85,0,1560,18938.0,Yes
RealEstateServices,84,1,Existing,0,1,Urban,Yes,10000,5000,0,0,0.5,0,2520,19686.0,No
RealEstateServices,30,1,Existing,0,1,Urban,Yes,35000,17500,0,0,0.5,0,900,18278.0,Yes
RealEstateServices,32,1,Existing,0,1,Urban,Yes,10000,5000,0,0,0.5,0,960,18157.0,Yes
RealEstateServices,240,15,Existing,8,0,Urban,Unknown,1124000,1124000,0,1,1.0,0,7200,24411.0,No
RealEstateServices,70,1,Existing,0,1,Urban,Yes,35000,17500,0,0,0.5,0,2100,19478.0,Yes
RealEstateServices,73,7,Existing,1,7,Urban,Yes,75000,37500,0,0,0.5,0,2190,19568.0,Yes
RealEstateServices,73,1,Existing,1,1,Urban,No,35000,17500,0,0,0.5,0,2190,19599.0,Yes
RealEstateServices,57,3,Existing,0,3,Urban,No,37000,18500,0,0,0.5,0,1710,19088.0,Yes
RealEstateServices,84,5,Existing,1,5,Urban,No,100000,50000,0,0,0.5,0,2520,19929.0,No
RentalLeasing,27,5,Existing,0,5,Urban,Yes,50000,25000,0,0,0.5,1,810,17976.0,Yes
RentalLeasing,240,40,Existing,8,0,Urban,Unknown,1029000,1029000,0,1,1.0,0,7200,24411.0,No
RealEstateServices,71,6,Existing,0,6,Urban,Yes,100000,50000,0,0,0.5,0,2130,19508.0,Yes
RentalLeasing,43,1,New,2,3,Rural,Yes,150000,127500,1,0,0.85,0,1290,18699.0,Yes
RealEstateServices,70,8,Existing,3,8,Urban,Yes,35000,17500,0,0,0.5,0,2100,19539.0,Yes
RealEstateServices,39,3,New,2,3,Urban,No,10000,8500,1,0,0.85,0,1170,18548.0,Yes
RealEstateServices,240,4,Existing,19,0,Urban,Unknown,798000,798000,0,1,1.0,0,7200,24467.0,No
RealEstateServices,84,7,Existing,0,7,Urban,No,40000,20000,0,0,0.5,0,2520,19929.0,No
RealEstateServices,107,28,Existing,0,28,Urban,No,12500,10625,0,0,0.85,0,3210,20588.0,Yes
RentalLeasing,61,56,Existing,0,56,Urban,Yes,35000,17500,0,0,0.5,0,1830,19027.0,Yes
RealEstateServices,240,5,Existing,3,0,Urban,Unknown,409000,409000,0,1,1.0,0,7200,24467.0,No
Other,41,13,Existing,0,13,Urban,Unknown,550000,412500,0,0,0.75,0,1230,18427.0,Yes
RealEstateServices,59,1,New,10,10,Urban,No,10000,8500,1,0,0.85,0,1770,19148.0,Yes
RealEstateServices,66,1,Existing,3,1,Urban,Yes,28000,14000,0,0,0.5,0,1980,19177.0,Yes
RentalLeasing,27,6,Existing,1,6,Urban,Yes,50000,25000,0,0,0.5,1,810,18066.0,Yes
RealEstateServices,240,20,Existing,3,20,Urban,Unknown,1491000,1491000,0,1,1.0,0,7200,24439.0,No
RealEstateServices,48,4,New,0,4,Urban,Yes,14000,7000,1,0,0.5,0,1440,18910.0,Yes
RealEstateServices,70,15,New,4,19,Urban,Yes,35000,17500,1,0,0.5,0,2100,19539.0,Yes
RentalLeasing,120,10,Existing,0,0,Unknown,Unknown,250000,187500,0,0,0.75,1,3600,17875.0,No
RealEstateServices,38,2,Existing,0,2,Urban,Yes,30000,15000,0,0,0.5,0,1140,18337.0,Yes
RentalLeasing,300,4,Existing,0,0,Unknown,No,150800,113100,0,1,0.75,0,9000,23275.0,No
RealEstateServices,41,4,Existing,0,4,Urban,Yes,35000,17500,0,0,0.5,0,1230,18639.0,Yes
RealEstateServices,41,1,Existing,0,1,Urban,Yes,20000,10000,0,0,0.5,0,1230,18639.0,Yes
RealEstateServices,59,7,New,1,1,Urban,No,10000,8500,1,0,0.85,0,1770,19179.0,Yes
RentalLeasing,24,6,Existing,2,6,Urban,Yes,100000,50000,0,0,0.5,0,720,18159.0,No
RealEstateServices,63,8,Existing,0,8,Urban,No,35000,17500,0,0,0.5,0,1890,19299.0,Yes
RealEstateServices,240,40,Existing,60,0,Urban,Unknown,597000,597000,0,1,1.0,0,7200,24439.0,No
RealEstateServices,57,0,Existing,0,0,Urban,No,20000,17000,0,0,0.85,0,1710,19119.0,Yes
RealEstateServices,63,5,Existing,1,5,Urban,Yes,50000,25000,0,0,0.5,0,1890,19329.0,Yes
RealEstateServices,84,2,Existing,0,2,Urban,Yes,45000,22500,0,0,0.5,0,2520,19959.0,No
RealEstateServices,74,2,New,2,4,Urban,Yes,39000,19500,1,0,0.5,0,2220,19690.0,Yes
RealEstateServices,84,1,Existing,0,1,Rural,Yes,30000,15000,0,0,0.5,0,2520,19929.0,No
RealEstateServices,240,1,Existing,3,0,Urban,Unknown,773000,773000,0,1,1.0,0,7200,24747.0,No
RealEstateServices,84,1,Existing,0,1,Urban,No,35000,29750,0,0,0.85,0,2520,19929.0,No
RealEstateServices,72,7,Existing,5,7,Urban,No,100000,50000,0,0,0.5,0,2160,19599.0,Yes
RealEstateLessors,300,2,Existing,0,2,Urban,No,1400000,1050000,0,1,0.75,0,9000,26409.0,No
RealEstateServices,66,1,Existing,0,1,Urban,Unknown,50000,25000,0,0,0.5,0,1980,19389.0,Yes
RealEstateServices,84,6,Existing,0,6,Urban,Yes,15000,7500,0,0,0.5,0,2520,19929.0,No
RentalLeasing,66,0,Existing,0,0,Urban,No,25000,21250,0,0,0.85,0,1980,19389.0,Yes
RealEstateServices,57,8,Existing,0,8,Urban,Yes,25000,12500,0,0,0.5,0,1710,19119.0,Yes
RealEstateServices,70,4,Existing,2,4,Urban,Yes,35000,17500,0,0,0.5,0,2100,19539.0,Yes
RealEstateServices,36,2,Existing,0,2,Rural,Unknown,20000,10000,0,0,0.5,0,1080,18277.0,No
RealEstateServices,46,1,Existing,0,1,Rural,Yes,37500,18750,0,0,0.5,0,1380,18577.0,Yes
RentalLeasing,54,2,New,0,2,Urban,No,35000,29750,1,0,0.85,0,1620,19029.0,Yes
RealEstateServices,84,2,Existing,2,2,Urban,Yes,47000,23500,0,0,0.5,0,2520,19745.0,No
RealEstateServices,240,3,Existing,2,3,Urban,Unknown,310000,310000,0,1,1.0,0,7200,24502.0,No
RealEstateServices,53,4,Existing,1,5,Urban,Yes,50000,25000,0,0,0.5,0,1590,19029.0,Yes
RealEstateServices,84,1,Existing,0,1,Urban,Yes,25000,12500,0,0,0.5,0,2520,19776.0,No
RealEstateServices,64,1,Existing,0,1,Urban,No,35000,17500,0,0,0.5,0,1920,19359.0,Yes
RealEstateServices,240,70,Existing,10,70,Urban,Unknown,641000,641000,0,1,1.0,0,7200,24775.0,No
RentalLeasing,64,4,Existing,3,4,Urban,No,35000,29750,0,0,0.85,0,1920,19329.0,Yes
RealEstateServices,109,3,Existing,2,3,Urban,No,10000,8500,0,0,0.85,0,3270,20679.0,Yes
RealEstateServices,42,1,Existing,1,1,Urban,Unknown,100000,50000,0,0,0.5,0,1260,18485.0,Yes
RealEstateServices,12,1,New,1,1,Urban,Yes,200000,100000,1,0,0.5,1,360,17585.0,No
RealEstateServices,84,4,Existing,2,4,Rural,Yes,50000,25000,0,0,0.5,0,2520,19898.0,No
RealEstateServices,62,5,Existing,0,5,Urban,Yes,20000,10000,0,0,0.5,0,1860,19360.0,Yes
RealEstateServices,66,1,Existing,0,1,Urban,Yes,55000,27500,0,0,0.5,0,1980,19297.0,Yes
RealEstateServices,84,2,Existing,2,2,Rural,Yes,25000,12500,0,0,0.5,0,2520,19745.0,No
RealEstateServices,84,1,New,0,1,Urban,Yes,10000,5000,1,0,0.5,0,2520,19745.0,No
RealEstateServices,37,2,Existing,0,2,Urban,Yes,29000,14500,0,0,0.5,0,1110,18519.0,Yes
RealEstateServices,84,2,Existing,0,2,Urban,Yes,25000,12500,0,0,0.5,0,2520,20325.0,No
RealEstateServices,95,13,Existing,6,7,Urban,No,132000,112200,0,0,0.85,0,2850,20106.0,Yes
RentalLeasing,24,2,Existing,0,2,Urban,Unknown,10000,5000,0,0,0.5,1,720,17945.0,No
RealEstateServices,74,4,Existing,2,6,Urban,Yes,15000,7500,0,0,0.5,0,2220,19659.0,Yes
RealEstateServices,36,5,New,0,5,Urban,No,40000,20000,1,0,0.5,0,1080,18519.0,Yes
RealEstateServices,47,1,Existing,0,1,Urban,Yes,25000,12500,0,0,0.5,0,1410,19001.0,Yes
RealEstateServices,240,9,Existing,4,0,Urban,Unknown,761000,761000,0,1,1.0,0,7200,24838.0,No
RealEstateServices,240,1,Existing,3,0,Urban,Unknown,231000,231000,0,1,1.0,0,7200,24502.0,No
RealEstateServices,53,2,Existing,1,3,Urban,Yes,25000,12500,0,0,0.5,0,1590,19029.0,Yes
RealEstateServices,55,3,New,2,3,Rural,Yes,45000,22500,1,0,0.5,0,1650,18875.0,Yes
RentalLeasing,61,0,Existing,0,0,Urban,Yes,50000,25000,0,0,0.5,0,1830,19269.0,Yes
RealEstateServices,168,2,Existing,2,4,Urban,Unknown,320500,240375,0,0,0.75,0,5040,22296.0,No
RentalLeasing,67,7,Existing,0,7,Urban,Yes,50000,25000,0,0,0.5,0,2010,19449.0,Yes
RealEstateServices,0,3,Existing,0,3,Urban,Unknown,20000,10000,0,0,0.5,0,0,17225.0,Yes
RealEstateServices,78,3,Existing,0,3,Urban,Unknown,50000,25000,0,0,0.5,0,2340,19779.0,Yes
RealEstateServices,84,2,Existing,2,2,Urban,Yes,50000,25000,0,0,0.5,0,2520,20172.0,No
RealEstateServices,64,2,Existing,0,2,Urban,Yes,25000,12500,0,0,0.5,0,1920,19145.0,Yes
RentalLeasing,72,2,New,0,2,Urban,Unknown,50000,25000,1,0,0.5,0,2160,19416.0,Yes
RealEstateServices,57,2,New,1,3,Urban,Yes,40000,20000,1,0,0.5,0,1710,19149.0,Yes
RealEstateLessors,72,1,Existing,0,1,Urban,Yes,67000,33500,0,0,0.5,0,2160,19416.0,Yes
RealEstateServices,84,1,Existing,0,1,Rural,Yes,27000,13500,0,0,0.5,0,2520,19776.0,No
RealEstateServices,62,0,Existing,0,0,Urban,No,35000,29750,0,0,0.85,0,1860,19299.0,Yes
RealEstateServices,35,4,Existing,4,4,Rural,Yes,25000,12500,0,0,0.5,0,1050,18306.0,Yes
RentalLeasing,31,3,Existing,0,3,Urban,Yes,45000,22500,0,0,0.5,0,930,18521.0,Yes
RentalLeasing,240,25,Existing,8,0,Urban,Unknown,529000,529000,0,1,1.0,0,7200,24558.0,No
RealEstateLessors,68,5,Existing,0,5,Urban,Yes,40000,20000,0,0,0.5,0,2040,19296.0,Yes
RealEstateServices,72,1,Existing,0,1,Urban,Yes,35000,17500,0,0,0.5,0,2160,19630.0,Yes
RealEstateServices,84,1,Existing,0,1,Urban,Yes,50000,25000,0,0,0.5,0,2520,19990.0,No
RentalLeasing,92,12,Existing,0,12,Urban,Unknown,700000,525000,0,0,0.75,0,2760,20016.0,Yes
RealEstateServices,84,2,Existing,0,2,Urban,Yes,36000,18000,0,0,0.5,0,2520,19990.0,No
RealEstateServices,62,3,Existing,0,3,Urban,Yes,25000,12500,0,0,0.5,0,1860,19330.0,Yes
RealEstateServices,44,4,Existing,0,4,Urban,Unknown,100000,50000,0,0,0.5,0,1320,18576.0,Yes
RealEstateServices,61,6,Existing,0,6,Urban,Yes,16500,8250,0,0,0.5,0,1830,19269.0,Yes
RentalLeasing,84,3,Existing,0,3,Urban,No,25000,12500,0,0,0.5,0,2520,19776.0,No
RealEstateServices,84,1,Existing,0,1,Urban,Yes,50000,25000,0,0,0.5,0,2520,20203.0,No
RealEstateServices,240,17,Existing,5,0,Urban,Unknown,720000,720000,0,1,1.0,0,7200,24502.0,No
RentalLeasing,78,1,New,0,1,Urban,No,40000,34000,1,0,0.85,0,2340,19779.0,Yes
RentalLeasing,73,10,Existing,0,10,Urban,No,2000000,1500000,0,0,0.75,0,2190,19629.0,Yes
RentalLeasing,80,2,Existing,0,2,Urban,Unknown,200000,150000,0,0,0.75,0,2400,19656.0,No
RealEstateServices,35,1,Existing,0,1,Rural,Yes,25000,12500,0,0,0.5,0,1050,18306.0,Yes
RealEstateServices,84,2,Existing,2,2,Urban,Yes,10000,5000,0,0,0.5,0,2520,19776.0,No
RealEstateServices,66,8,Existing,8,8,Urban,No,100000,50000,0,0,0.5,0,1980,19419.0,Yes
RealEstateServices,84,2,Existing,1,2,Urban,Yes,100000,50000,0,0,0.5,0,2520,19776.0,No
RentalLeasing,85,11,Existing,2,11,Urban,Unknown,100000,85000,0,0,0.85,0,2550,19836.0,No
RealEstateServices,57,1,New,0,1,Urban,Yes,5000,2500,1,0,0.5,0,1710,19180.0,Yes
RealEstateServices,84,1,New,0,1,Urban,Yes,5000,2500,1,0,0.5,0,2520,19990.0,Yes
RealEstateServices,59,4,Existing,0,4,Urban,No,100000,50000,0,0,0.5,0,1770,19209.0,Yes
RealEstateLessors,84,1,Existing,0,1,Urban,Yes,26000,13000,0,0,0.5,0,2520,19776.0,No
RealEstateServices,55,10,Existing,3,10,Rural,Yes,30000,15000,0,0,0.5,0,1650,18906.0,Yes
RealEstateLessors,276,3,Existing,0,3,Urban,Unknown,1944300,1458225,0,1,0.75,0,8280,25536.0,Yes
RentalLeasing,120,3,Existing,0,3,Urban,Unknown,450000,337500,0,0,0.75,0,3600,20886.0,No
RealEstateLessors,54,1,Existing,0,1,Urban,Yes,45000,22500,0,0,0.5,0,1620,18906.0,Yes
RealEstateServices,120,7,Existing,0,6,Unknown,Unknown,216000,162000,0,0,0.75,1,3600,17903.0,No
RealEstateServices,51,5,Existing,0,5,Urban,Yes,35000,17500,0,0,0.5,0,1530,19000.0,Yes
RealEstateServices,57,1,Existing,0,1,Urban,Yes,25000,12500,0,0,0.5,0,1710,18996.0,Yes
RealEstateServices,120,2,New,0,2,Urban,No,148000,125800,1,0,0.85,0,3600,21070.0,No
RealEstateServices,46,1,Existing,1,1,Rural,Yes,50000,25000,0,0,0.5,0,1380,18636.0,Yes
RealEstateServices,45,0,New,0,0,Urban,No,10000,8500,1,0,0.85,0,1350,18820.0,Yes
RealEstateServices,84,2,Existing,0,2,Urban,Yes,50000,25000,0,0,0.5,0,2520,19990.0,No
RealEstateServices,37,1,Existing,0,1,Urban,Yes,10000,5000,0,0,0.5,0,1110,18580.0,Yes
RentalLeasing,300,2,Existing,0,2,Unknown,Unknown,108000,81000,0,1,0.75,0,9000,23303.0,No
RealEstateServices,63,3,Existing,1,4,Urban,No,15000,12750,0,0,0.85,0,1890,19360.0,Yes
RentalLeasing,240,3,Existing,2,0,Urban,Unknown,1093000,1093000,0,1,1.0,0,7200,24558.0,No
RealEstateServices,84,6,Existing,4,6,Rural,Yes,45000,22500,0,0,0.5,0,2520,19929.0,No
RealEstateServices,58,5,Existing,0,5,Urban,Yes,50000,25000,0,0,0.5,0,1740,19240.0,Yes
RealEstateServices,67,2,Existing,0,2,Urban,No,35000,17500,0,0,0.5,0,2010,19510.0,Yes
RentalLeasing,240,15,Existing,5,0,Unknown,No,446000,446000,0,1,1.0,0,7200,21548.0,No
RealEstateServices,53,2,Existing,1,2,Urban,Yes,25000,12500,0,0,0.5,0,1590,19060.0,Yes
RentalLeasing,42,8,Existing,0,8,Urban,Yes,10000,5000,0,0,0.5,0,1260,18669.0,Yes
RealEstateServices,68,1,Existing,0,1,Urban,Yes,30000,15000,0,0,0.5,0,2040,19326.0,Yes
RealEstateServices,85,1,New,1,1,Urban,Unknown,277000,207750,1,0,0.75,0,2550,19836.0,No
RealEstateServices,99,1,Existing,1,1,Urban,No,50000,42500,0,0,0.85,0,2970,20440.0,Yes
RentalLeasing,0,8,Existing,0,8,Urban,Yes,90000,45000,0,0,0.5,0,0,17378.0,Yes
RealEstateServices,66,1,Existing,1,1,Urban,Yes,30000,15000,0,0,0.5,0,1980,19266.0,Yes
RealEstateServices,88,5,New,1,5,Urban,No,25000,21250,1,0,0.85,0,2640,20110.0,Yes
RealEstateServices,84,3,Existing,0,3,Urban,Yes,25000,12500,0,0,0.5,0,2520,19806.0,No
RealEstateServices,84,6,Existing,0,6,Urban,Yes,5000,2500,0,0,0.5,0,2520,19990.0,No
RealEstateServices,36,17,Existing,0,17,Urban,Unknown,50000,42500,0,0,0.85,0,1080,18366.0,No
RealEstateLessors,283,1,Existing,0,1,Urban,Unknown,373100,279825,0,1,0.75,0,8490,25776.0,Yes
RentalLeasing,240,42,Existing,18,0,Rural,Unknown,585000,585000,0,1,1.0,0,7200,24530.0,No
RealEstateServices,84,1,New,1,1,Urban,No,20000,10000,1,0,0.5,0,2520,20020.0,No
RealEstateServices,240,113,Existing,8,0,Urban,Unknown,1025000,1025000,0,1,1.0,0,7200,25202.0,No
RealEstateServices,84,32,Existing,0,32,Urban,Yes,50000,25000,0,0,0.5,0,2520,19806.0,No
RealEstateServices,37,1,New,0,1,Urban,Yes,37000,18500,1,0,0.5,0,1110,18793.0,Yes
RealEstateLessors,84,3,Existing,0,3,Urban,Yes,40000,20000,0,0,0.5,0,2520,19837.0,No
RealEstateServices,58,2,Existing,4,2,Urban,Yes,50000,25000,0,0,0.5,0,1740,19210.0,Yes
RealEstateServices,64,2,Existing,0,2,Urban,Yes,35000,17500,0,0,0.5,0,1920,19420.0,Yes
RealEstateServices,9,2,Existing,2,2,Urban,Yes,50000,25000,0,0,0.5,1,270,17679.0,Yes
RealEstateServices,67,8,New,0,8,Urban,Yes,15000,7500,1,0,0.5,0,2010,19510.0,Yes
RealEstateServices,30,6,New,6,6,Urban,Yes,60000,30000,1,0,0.5,0,900,18278.0,Yes
RealEstateServices,34,1,Existing,2,1,Urban,Yes,50000,25000,0,0,0.5,0,1020,18337.0,Yes
RealEstateLessors,84,1,Existing,0,1,Urban,Yes,27000,13500,0,0,0.5,0,2520,20172.0,No
RentalLeasing,84,3,Existing,2,5,Unknown,Unknown,10000,5000,0,0,0.5,0,2520,16854.0,No
RentalLeasing,84,5,Existing,0,5,Urban,Yes,20000,10000,0,0,0.5,0,2520,19837.0,No
RealEstateServices,54,17,Existing,0,17,Urban,Yes,50000,25000,0,0,0.5,0,1620,19120.0,Yes
RealEstateServices,57,2,Existing,0,2,Urban,Yes,5000,2500,0,0,0.5,0,1710,19241.0,Yes
RealEstateServices,64,1,Existing,0,0,Urban,Yes,20000,10000,0,0,0.5,0,1920,19420.0,Yes
RentalLeasing,34,2,Existing,2,2,Urban,Unknown,156000,78000,0,0,0.5,0,1020,18367.0,Yes
RealEstateServices,36,1,Existing,0,1,Urban,Yes,17000,8500,0,0,0.5,0,1080,18763.0,Yes
RealEstateServices,60,1,Existing,0,1,Urban,Yes,50000,25000,0,0,0.5,0,1800,19300.0,Yes
RealEstateServices,109,3,Existing,4,3,Urban,No,12500,10625,0,0,0.85,0,3270,20770.0,No
RealEstateServices,84,1,New,0,0,Urban,Yes,15000,7500,1,0,0.5,0,2520,20417.0,No
RealEstateServices,56,6,Existing,0,0,Urban,Yes,10000,5000,0,0,0.5,0,1680,18997.0,Yes
RentalLeasing,64,4,Existing,0,4,Urban,No,30000,15000,0,0,0.5,0,1920,19420.0,Yes
RentalLeasing,108,1,Existing,1,1,Unknown,Unknown,50000,40000,0,0,0.8,1,3240,17574.0,No
RealEstateServices,259,22,Existing,6,22,Urban,Unknown,542200,406650,0,1,0.75,0,7770,25087.0,Yes
RealEstateServices,240,4,New,2,0,Urban,Unknown,425000,425000,1,1,1.0,0,7200,24621.0,No
RentalLeasing,84,5,New,0,5,Urban,Yes,150000,75000,1,0,0.5,0,2520,20417.0,No
RealEstateServices,65,1,Existing,0,1,Urban,No,50000,25000,0,0,0.5,0,1950,19481.0,Yes
RealEstateServices,55,4,Existing,0,4,Urban,Unknown,35000,17500,0,0,0.5,0,1650,19150.0,Yes
RentalLeasing,240,6,Existing,10,16,Unknown,No,394000,394000,0,1,1.0,0,7200,21856.0,No
RealEstateServices,59,12,Existing,0,12,Urban,Yes,100000,50000,0,0,0.5,0,1770,19270.0,Yes
RealEstateServices,62,1,Existing,0,1,Urban,Yes,37000,18500,0,0,0.5,0,1860,19391.0,Yes
RentalLeasing,3,8,Existing,0,8,Urban,Yes,50000,25000,0,0,0.5,1,90,17621.0,Yes
RentalLeasing,84,8,Existing,0,8,Urban,Yes,10000,5000,0,0,0.5,0,2520,20417.0,No
RentalLeasing,120,12,Existing,0,12,Unknown,Unknown,300000,89031,0,0,0.29677,1,3600,17934.0,No
RealEstateServices,60,8,Existing,7,8,Urban,Yes,35000,17500,0,0,0.5,0,1800,19178.0,Yes
RealEstateServices,52,2,Existing,0,0,Urban,Yes,15000,7500,0,0,0.5,0,1560,18907.0,Yes
RealEstateServices,240,3,Existing,8,0,Unknown,No,245000,245000,0,1,1.0,0,7200,21611.0,No
RealEstateServices,60,3,Existing,0,3,Urban,Unknown,20000,10000,0,0,0.5,0,1800,19147.0,No
RealEstateServices,69,1,Existing,0,1,Rural,Yes,50000,25000,0,0,0.5,0,2070,19601.0,Yes
RealEstateLessors,120,24,Existing,0,24,Urban,Unknown,866900,650175,0,0,0.75,0,3600,20978.0,No
RealEstateServices,59,1,Existing,0,0,Urban,No,25000,21250,0,0,0.85,0,1770,19301.0,Yes
RealEstateServices,84,1,Existing,1,2,Urban,Yes,10000,5000,0,0,0.5,0,2520,20051.0,No
RealEstateServices,84,2,Existing,0,2,Urban,Yes,50000,25000,0,0,0.5,0,2520,20051.0,No
RentalLeasing,300,10,Existing,0,10,Unknown,Unknown,315000,236250,0,1,0.75,0,9000,23334.0,No
RealEstateLessors,54,12,Existing,12,12,Urban,Yes,35000,17500,0,0,0.5,0,1620,18967.0,Yes
RealEstateServices,16,2,Existing,0,0,Urban,Yes,25000,12500,0,0,0.5,1,480,18071.0,Yes
RealEstateServices,51,1,Existing,0,1,Urban,Yes,35000,17500,0,0,0.5,0,1530,18939.0,Yes
RealEstateServices,72,2,Existing,0,2,Urban,Yes,20000,10000,0,0,0.5,0,2160,19722.0,Yes
RealEstateServices,240,1,Existing,4,0,Urban,Unknown,291000,291000,0,1,1.0,0,7200,24775.0,No
RealEstateServices,36,1,Existing,0,1,Urban,Unknown,25000,12500,0,0,0.5,0,1080,18458.0,No
RealEstateServices,66,1,New,0,0,Urban,Yes,30000,15000,1,0,0.5,0,1980,19542.0,Yes
RealEstateServices,110,1,Existing,0,1,Urban,No,25000,21250,0,0,0.85,0,3300,20831.0,Yes
RealEstateServices,36,3,Existing,0,0,Urban,Unknown,25000,12500,0,0,0.5,0,1080,18427.0,No
RealEstateServices,73,3,Existing,100,3,Urban,Yes,50000,25000,0,0,0.5,0,2190,19568.0,Yes
RealEstateServices,69,3,Existing,2,3,Urban,Yes,50000,25000,0,0,0.5,0,2070,19632.0,Yes
RealEstateServices,39,1,Existing,1,1,Urban,No,15000,12750,0,0,0.85,0,1170,18701.0,Yes
RealEstateLessors,68,3,Existing,0,3,Rural,Yes,15000,7500,0,0,0.5,0,2040,19387.0,No
RealEstateServices,84,3,Existing,1,3,Urban,Yes,12700,6350,0,0,0.5,0,2520,20051.0,No
RealEstateServices,58,3,Existing,0,3,Urban,Yes,50000,25000,0,0,0.5,0,1740,19302.0,Yes
RealEstateServices,300,8,Existing,0,8,Unknown,Unknown,158500,118875,0,1,0.75,0,9000,23395.0,No
RealEstateServices,84,35,New,0,35,Urban,Yes,10000,5000,1,0,0.5,0,2520,19959.0,No
RealEstateServices,84,3,Existing,0,3,Urban,Yes,15000,7500,0,0,0.5,0,2520,20082.0,No
RealEstateServices,84,3,New,0,3,Urban,Yes,20000,10000,1,0,0.5,0,2520,20448.0,No
RealEstateServices,43,3,Existing,2,3,Urban,Yes,30000,15000,0,0,0.5,0,1290,18668.0,Yes
RentalLeasing,240,3,Existing,1,0,Urban,Unknown,281000,281000,0,1,1.0,0,7200,24712.0,No
RealEstateServices,28,6,Existing,2,8,Urban,Yes,20000,10000,0,0,0.5,0,840,18371.0,No
RealEstateServices,240,2,Existing,4,0,Urban,Unknown,268000,268000,0,1,1.0,0,7200,24684.0,No
RentalLeasing,60,2,Existing,0,2,Urban,Unknown,25000,12500,0,0,0.5,0,1800,19178.0,No
RealEstateServices,57,2,Existing,0,2,Urban,Yes,30000,15000,0,0,0.5,0,1710,19272.0,Yes
RealEstateServices,300,74,Existing,4,74,Unknown,Unknown,252200,189150,0,1,0.75,0,9000,23395.0,No
RealEstateServices,120,74,Existing,4,74,Unknown,Unknown,100000,75000,0,0,0.75,1,3600,17964.0,No
RealEstateServices,300,67,Existing,0,67,Unknown,Unknown,510800,383100,0,1,0.75,0,9000,23364.0,No
RealEstateServices,68,4,Existing,2,4,Urban,Yes,100000,50000,0,0,0.5,0,2040,19418.0,Yes
RealEstateServices,65,1,Existing,0,0,Urban,No,35000,29750,0,0,0.85,0,1950,19481.0,Yes
RealEstateServices,47,1,Existing,2,1,Urban,No,25000,21250,0,0,0.85,0,1410,18972.0,Yes
RealEstateServices,84,1,Existing,1,1,Urban,No,5000,4250,0,0,0.85,0,2520,20051.0,Yes
RealEstateServices,240,10,Existing,5,10,Urban,Unknown,1799000,1799000,0,1,1.0,0,7200,24621.0,No
RealEstateServices,84,7,Existing,2,9,Urban,Yes,20000,10000,0,0,0.5,0,2520,20537.0,No
RealEstateServices,53,22,Existing,0,22,Urban,Yes,50000,25000,0,0,0.5,0,1590,19152.0,Yes
RentalLeasing,48,1,New,0,1,Urban,Unknown,30000,15000,1,0,0.5,0,1440,18818.0,No
RealEstateServices,29,1,Existing,0,1,Urban,Yes,20000,10000,0,0,0.5,0,870,18432.0,Yes
RentalLeasing,70,0,Existing,0,0,Urban,No,25000,21250,0,0,0.85,0,2100,19662.0,Yes
RealEstateServices,57,12,Existing,0,12,Urban,Yes,50000,25000,0,0,0.5,0,1710,19301.0,Yes
RealEstateServices,51,2,New,0,2,Urban,Yes,10000,5000,1,0,0.5,0,1530,18908.0,Yes
RealEstateServices,75,6,Existing,1,6,Urban,Yes,50000,25000,0,0,0.5,0,2250,19659.0,Yes
RealEstateServices,49,6,Existing,1,6,Urban,Yes,50000,25000,0,0,0.5,0,1470,18848.0,Yes
RealEstateServices,300,12,Existing,12,0,Urban,Unknown,1048000,786000,0,1,0.75,0,9000,26409.0,No
RealEstateServices,39,6,Existing,0,6,Urban,Yes,50000,25000,0,0,0.5,0,1170,18792.0,Yes
RealEstateServices,84,2,New,1,2,Urban,Yes,5000,2500,1,0,0.5,0,2520,20476.0,No
RealEstateServices,84,4,Existing,0,4,Urban,Yes,30000,15000,0,0,0.5,0,2520,20082.0,No
RentalLeasing,60,2,Existing,0,2,Urban,Yes,22000,11000,0,0,0.5,0,1800,19362.0,No
RentalLeasing,120,16,Existing,0,16,Unknown,Unknown,307000,230250,0,0,0.75,1,3600,17995.0,No
RealEstateServices,54,2,Existing,0,2,Urban,No,35000,17500,0,0,0.5,0,1620,19182.0,Yes
RentalLeasing,84,4,New,1,4,Urban,Yes,50000,25000,1,0,0.5,0,2520,19929.0,No
RealEstateServices,44,5,Existing,0,5,Urban,Yes,50000,25000,0,0,0.5,0,1320,18942.0,Yes
RealEstateServices,240,16,Existing,4,12,Unknown,No,452000,452000,0,1,1.0,0,7200,21702.0,No
RealEstateServices,84,1,Existing,4,1,Urban,Yes,30000,15000,0,0,0.5,0,2520,19929.0,No
RealEstateServices,27,4,Existing,0,4,Urban,Yes,35000,29750,0,0,0.85,0,810,18401.0,Yes
RentalLeasing,15,17,Existing,3,17,Unknown,Unknown,750000,562500,0,0,0.75,0,450,14875.0,Yes
RentalLeasing,240,15,Existing,0,15,Unknown,No,501000,501000,0,1,1.0,0,7200,21667.0,No
RealEstateServices,72,2,Existing,0,2,Urban,Yes,30000,15000,0,0,0.5,0,2160,19569.0,Yes
RealEstateServices,264,25,Existing,5,20,Urban,Unknown,1596200,1197150,0,1,0.75,0,7920,25329.0,No
RentalLeasing,120,12,Existing,0,12,Unknown,Unknown,75000,60000,0,0,0.8,1,3600,17995.0,No
RealEstateServices,48,15,Existing,0,15,Urban,Unknown,25000,12500,0,0,0.5,0,1440,18910.0,Yes
RealEstateServices,84,3,Existing,5,3,Urban,Yes,40000,20000,0,0,0.5,0,2520,19929.0,No
RealEstateServices,72,1,Existing,0,1,Urban,No,50000,25000,0,0,0.5,0,2160,19782.0,Yes
RealEstateServices,84,8,Existing,0,8,Urban,No,20000,10000,0,0,0.5,0,2520,20111.0,No
RealEstateServices,50,5,Existing,0,5,Urban,Yes,30000,15000,0,0,0.5,0,1500,18909.0,Yes
RealEstateServices,240,4,Existing,5,4,Urban,Unknown,268000,268000,0,1,1.0,0,7200,24838.0,No
RentalLeasing,84,1,Existing,0,1,Urban,Yes,50000,25000,0,0,0.5,0,2520,20325.0,No
RealEstateServices,56,1,New,0,1,Urban,Yes,15000,7500,1,0,0.5,0,1680,19302.0,Yes
RealEstateServices,54,1,Existing,3,1,Urban,Yes,19000,9500,0,0,0.5,0,1620,19120.0,Yes
RealEstateServices,63,2,Existing,0,2,Urban,Yes,50000,25000,0,0,0.5,0,1890,19542.0,Yes
RealEstateLessors,51,1,Existing,2,3,Urban,Yes,25000,12500,0,0,0.5,0,1530,19030.0,Yes
RealEstateServices,55,1,New,3,3,Unknown,Unknown,150000,127500,1,0,0.85,0,1650,19120.0,Yes
RealEstateServices,84,2,Existing,0,2,Urban,Yes,40000,20000,0,0,0.5,0,2520,20568.0,No
RealEstateServices,240,3,Existing,1,0,Urban,Unknown,318000,318000,0,1,1.0,0,7200,24684.0,No
RealEstateServices,240,12,Existing,15,0,Urban,Unknown,1655000,1655000,0,1,1.0,0,7200,24712.0,No
RealEstateServices,89,4,New,1,4,Urban,No,10000,8500,1,0,0.85,0,2670,20292.0,Yes
RentalLeasing,48,7,Existing,0,7,Urban,No,50000,42500,0,0,0.85,0,1440,19062.0,Yes
RealEstateServices,300,10,Existing,0,0,Urban,No,180000,135000,0,1,0.75,0,9000,23425.0,No
RentalLeasing,60,4,Existing,4,4,Urban,Unknown,50000,25000,0,0,0.5,0,1800,19270.0,No
RealEstateServices,240,50,Existing,50,0,Urban,Unknown,1583000,1583000,0,1,1.0,0,7200,24712.0,No
RealEstateServices,84,4,Existing,0,4,Urban,Yes,10000,5000,0,0,0.5,0,2520,20233.0,No
RealEstateServices,70,2,Existing,1,2,Urban,Yes,50000,25000,0,0,0.5,0,2100,19570.0,Yes
RentalLeasing,84,2,Existing,0,2,Urban,Yes,12000,6000,0,0,0.5,0,2520,20142.0,No
RealEstateServices,51,4,Existing,0,4,Urban,Yes,30000,15000,0,0,0.5,0,1530,19000.0,Yes
RealEstateServices,12,4,New,0,4,Rural,Yes,25000,12500,1,0,0.5,1,360,17830.0,No
RealEstateServices,53,3,Existing,0,3,Urban,Yes,30000,15000,0,0,0.5,0,1590,19060.0,Yes
RealEstateLessors,240,34,Existing,10,34,Urban,No,588000,588000,0,1,1.0,0,7200,21912.0,No
RealEstateServices,84,1,Existing,0,1,Urban,Yes,50000,25000,0,0,0.5,0,2520,19990.0,No
RealEstateServices,240,10,Existing,0,10,Urban,No,1000000,1000000,0,1,1.0,0,7200,21793.0,No
RealEstateServices,61,2,Existing,3,2,Urban,Yes,100000,50000,0,0,0.5,0,1830,19330.0,Yes
RentalLeasing,84,20,Existing,0,20,Urban,Yes,50000,25000,0,0,0.5,0,2520,19990.0,No
RealEstateServices,240,3,Existing,4,0,Urban,Unknown,675000,675000,0,1,1.0,0,7200,24775.0,No
RealEstateServices,84,3,Existing,2,5,Urban,Yes,50000,25000,0,0,0.5,0,2520,19990.0,No
RentalLeasing,59,5,Existing,0,5,Urban,Yes,50000,25000,0,0,0.5,0,1770,19240.0,Yes
RentalLeasing,25,3,Existing,1,4,Urban,Yes,50000,25000,0,0,0.5,0,750,18281.0,Yes
RentalLeasing,25,1,New,0,1,Urban,No,20000,17000,1,0,0.85,0,750,18402.0,Yes
RealEstateServices,62,3,New,0,3,Urban,Unknown,10000,5000,1,0,0.5,0,1860,19543.0,Yes
RealEstateServices,240,20,Existing,10,0,Urban,Unknown,201000,201000,0,1,1.0,0,7200,24747.0,No
RealEstateLessors,120,3,Existing,1,3,Urban,Unknown,36000,28800,0,0,0.8,1,3600,18056.0,No
RealEstateServices,84,3,Existing,0,3,Urban,Yes,20000,10000,0,0,0.5,0,2520,20172.0,No
RentalLeasing,60,1,New,0,0,Urban,Unknown,86400,69120,1,0,0.8,0,1800,16317.0,No
RealEstateServices,115,1,Existing,0,1,Urban,No,20000,17000,0,0,0.85,0,3450,21133.0,Yes
RealEstateServices,106,1,Existing,1,1,Urban,No,12500,10625,0,0,0.85,0,3180,20863.0,Yes
RealEstateServices,51,1,Existing,0,1,Rural,Yes,36000,18000,0,0,0.5,0,1530,19061.0,Yes
RealEstateServices,300,11,Existing,3,0,Urban,Unknown,212400,159300,0,1,0.75,0,9000,23487.0,No
RealEstateServices,120,2,New,7,2,Urban,No,12500,10625,1,0,0.85,0,3600,21283.0,No
RentalLeasing,300,12,Existing,4,8,Urban,Unknown,405000,303750,0,1,0.75,0,9000,23487.0,No
RentalLeasing,300,30,Existing,5,30,Urban,Unknown,297000,222750,0,1,0.75,0,9000,23487.0,No
RentalLeasing,120,3,Existing,0,2,Urban,Unknown,180000,135000,0,0,0.75,0,3600,18087.0,No
RealEstateLessors,84,6,Existing,1,6,Urban,Yes,30000,15000,0,0,0.5,0,2520,20051.0,No
RealEstateServices,240,3,Existing,2,3,Urban,Unknown,364000,364000,0,1,1.0,0,7200,24894.0,No
RealEstateServices,84,14,Existing,0,14,Urban,Yes,30000,15000,0,0,0.5,0,2520,20203.0,No
RealEstateServices,66,2,Existing,35,2,Rural,Yes,24000,12000,0,0,0.5,0,1980,19511.0,Yes
RealEstateLessors,240,18,Existing,1,0,Urban,Unknown,365000,365000,0,1,1.0,0,7200,24803.0,No
RealEstateServices,35,4,Existing,0,4,Urban,Yes,30000,15000,0,0,0.5,0,1050,18581.0,Yes
RealEstateServices,21,2,Existing,2,2,Urban,Yes,15000,7500,0,0,0.5,0,630,15178.0,Yes
RealEstateServices,37,2,Existing,2,2,Urban,No,20000,17000,0,0,0.85,0,1110,18823.0,Yes
RentalLeasing,84,15,Existing,2,2,Urban,Yes,5000,2500,0,0,0.5,0,2520,20568.0,No
RentalLeasing,120,15,Existing,2,2,Urban,Unknown,910000,682500,0,0,0.75,0,3600,21162.0,No
RealEstateLessors,84,3,Existing,3,6,Urban,Yes,50000,25000,0,0,0.5,0,2520,20082.0,No
RentalLeasing,300,10,Existing,0,10,Urban,Unknown,526500,394875,0,1,0.75,0,9000,23517.0,No
RentalLeasing,63,1,New,2,1,Urban,No,25000,21250,1,0,0.85,0,1890,19634.0,Yes
RealEstateLessors,301,6,Existing,6,6,Urban,Unknown,708000,531000,0,1,0.75,0,9030,23547.0,No
RealEstateServices,240,5,Existing,1,5,Urban,Unknown,165000,165000,0,1,1.0,0,7200,24838.0,No
RealEstateServices,114,2,Existing,1,2,Urban,No,10000,8500,0,0,0.85,0,3420,21164.0,No
RealEstateServices,120,5,Existing,0,5,Urban,Unknown,575000,431250,0,0,0.75,0,3600,21191.0,No
RealEstateServices,84,5,Existing,0,5,Urban,Yes,100000,50000,0,0,0.5,0,2520,20356.0,No
RealEstateServices,240,3,Existing,1,3,Urban,Unknown,296000,296000,0,1,1.0,0,7200,24957.0,No
RealEstateServices,84,2,New,0,2,Urban,No,308500,231375,1,0,0.75,0,2520,20264.0,No
RentalLeasing,55,2,Existing,1,2,Urban,No,5000,4250,0,0,0.85,0,1650,19425.0,Yes
RentalLeasing,300,4,New,4,4,Urban,Unknown,450000,337500,1,1,0.75,0,9000,23548.0,No
RentalLeasing,240,4,Existing,8,4,Urban,Unknown,820000,820000,0,1,1.0,0,7200,24866.0,No
RealEstateServices,93,49,Existing,0,20,Urban,Unknown,150000,127500,0,0,0.85,0,2790,20412.0,Yes
RentalLeasing,93,3,New,0,0,Urban,Unknown,65000,52000,1,0,0.8,0,2790,17368.0,Yes
RentalLeasing,120,16,Existing,0,0,Urban,No,320000,240000,0,0,0.75,0,3600,18209.0,No
RentalLeasing,300,3,Existing,0,0,Urban,No,38000,30400,0,1,0.8,0,9000,23578.0,No
RentalLeasing,56,1,Existing,3,1,Urban,Unknown,95000,76000,0,0,0.8,0,1680,16228.0,Yes
RentalLeasing,143,20,Existing,10,20,Urban,Unknown,639400,479550,0,0,0.75,0,4290,21942.0,No
RentalLeasing,102,12,Existing,0,12,Urban,Unknown,1375000,1031250,0,0,0.75,0,3060,20712.0,Yes
RealEstateLessors,240,20,Existing,10,20,Urban,Unknown,1682000,1682000,0,1,1.0,0,7200,25167.0,No
RentalLeasing,300,4,Existing,4,4,Urban,Unknown,180000,135000,0,1,0.75,0,9000,23548.0,No
RentalLeasing,240,5,Existing,1,5,Urban,Unknown,658000,658000,0,1,1.0,0,7200,24929.0,No
RealEstateLessors,240,102,Existing,23,102,Urban,No,771000,771000,0,1,1.0,0,7200,22192.0,No
RentalLeasing,120,12,Existing,0,12,Urban,Unknown,750000,562500,0,0,0.75,0,3600,21283.0,No
RentalLeasing,36,15,Existing,0,15,Rural,Unknown,50000,25000,0,0,0.5,0,1080,18763.0,No
RealEstateServices,46,7,Existing,2,2,Urban,Yes,100000,50000,0,0,0.5,0,1380,19093.0,Yes
RentalLeasing,84,1,Existing,0,1,Urban,Yes,25000,12500,0,0,0.5,0,2520,20417.0,No
RealEstateServices,63,2,Existing,0,2,Urban,Yes,25000,12500,0,0,0.5,0,1890,19818.0,Yes
RealEstateServices,120,2,New,4,2,Urban,No,10000,8500,1,0,0.85,0,3600,21466.0,No
RentalLeasing,108,20,Existing,0,20,Urban,No,2000000,1500000,0,0,0.75,0,3240,21137.0,No
RentalLeasing,60,1,New,3,2,Urban,Unknown,130000,65000,1,0,0.5,0,1800,19513.0,No
RealEstateServices,92,2,Existing,2,2,Urban,No,7500,6375,0,0,0.85,0,2760,20657.0,Yes
RentalLeasing,84,9,Existing,2,7,Urban,Unknown,460000,345000,0,0,0.75,0,2520,20264.0,No
RealEstateServices,82,1,Existing,0,1,Urban,No,7500,6375,0,0,0.85,0,2460,20388.0,Yes
RealEstateServices,120,3,Existing,0,3,Urban,No,5000,4250,0,0,0.85,0,3600,21556.0,No
RealEstateLessors,300,2,Existing,0,2,Urban,Unknown,266400,199800,0,1,0.75,0,9000,23609.0,No
RealEstateServices,289,1,Existing,1,1,Urban,Unknown,479000,359250,0,1,0.75,0,8670,26414.0,Yes
RentalLeasing,73,2,Existing,0,2,Urban,No,25000,21250,0,0,0.85,0,2190,20177.0,Yes
RentalLeasing,84,2,Existing,1,2,Urban,No,25000,21250,0,0,0.85,0,2520,20507.0,No
RealEstateServices,56,1,Existing,0,1,Urban,Yes,10000,5000,0,0,0.5,0,1680,19667.0,Yes
RealEstateServices,110,2,Existing,2,2,Urban,No,10000,8500,0,0,0.85,0,3300,21287.0,Yes
RentalLeasing,60,1,New,0,0,Urban,Unknown,52200,41760,1,0,0.8,0,1800,16865.0,No
RealEstateServices,300,9,Existing,9,0,Urban,Unknown,712700,534525,0,1,0.75,0,9000,26775.0,No
RealEstateServices,300,10,Existing,6,16,Urban,Unknown,427500,320625,0,1,0.75,0,9000,23578.0,No
RentalLeasing,120,1,Existing,2,1,Urban,Unknown,200000,150000,0,0,0.75,0,3600,18240.0,No
RentalLeasing,120,4,Existing,0,0,Unknown,No,80000,70240,0,0,0.878,0,3600,14223.0,No
RealEstateServices,99,2,New,0,2,Urban,No,10000,9000,1,0,0.9,0,2970,20957.0,Yes
RentalLeasing,240,1,Existing,1,0,Urban,Unknown,215000,215000,0,1,1.0,0,7200,24992.0,No
RentalLeasing,300,1,Existing,0,0,Unknown,No,93000,83700,0,1,0.9,0,9000,19623.0,No
RealEstateServices,300,1,Existing,1,1,Urban,No,1665000,1498500,0,1,0.9,0,9000,27048.0,No
RentalLeasing,60,1,Existing,0,1,Urban,Yes,25000,12500,0,0,0.5,0,1800,16409.0,No
RealEstateServices,300,4,Existing,0,4,Urban,No,285000,256500,0,1,0.9,0,9000,27048.0,No
RentalLeasing,90,2,Existing,0,2,Urban,No,243000,218700,0,0,0.9,0,2700,20748.0,No
RentalLeasing,84,15,Existing,3,18,Urban,Unknown,250000,125000,0,0,0.5,0,2520,20295.0,No
RentalLeasing,84,5,Existing,0,5,Rural,No,50000,25000,0,0,0.5,0,2520,20629.0,No
RentalLeasing,120,10,New,0,0,Unknown,No,252000,214200,1,0,0.85,0,3600,14312.0,No
RentalLeasing,300,18,Existing,0,0,Urban,No,255000,191250,0,1,0.75,0,9000,23609.0,No
RealEstateServices,46,3,Existing,3,3,Rural,Unknown,200000,100000,0,0,0.5,0,1380,19643.0,Yes
RentalLeasing,99,7,New,5,7,Urban,No,7500,6750,1,0,0.9,0,2970,21018.0,Yes
Other,120,4,Existing,0,0,Unknown,No,85000,63750,0,0,0.75,0,3600,14404.0,No
RentalLeasing,120,24,Existing,24,24,Urban,No,936000,842400,0,0,0.9,0,3600,21678.0,No
RentalLeasing,84,3,Existing,0,0,Unknown,No,60000,45000,0,0,0.75,0,2520,13324.0,No
RealEstateServices,92,40,Existing,10,30,Urban,Unknown,235000,176250,0,0,0.75,0,2760,20565.0,Yes
RentalLeasing,216,4,Existing,0,0,Unknown,No,115000,86250,0,0,0.75,0,6480,17192.0,No
RealEstateServices,64,1,Existing,0,1,Urban,No,25000,22500,0,0,0.9,0,1920,19968.0,Yes
RealEstateServices,120,5,Existing,0,0,Urban,No,125000,93750,0,0,0.75,0,3600,18209.0,No
RealEstateServices,240,4,Existing,6,0,Urban,Unknown,803000,803000,0,1,1.0,0,7200,25111.0,No
RentalLeasing,24,3,Existing,0,0,Unknown,No,49500,44550,0,0,0.9,0,720,11524.0,No
RealEstateServices,84,7,Existing,0,7,Rural,Yes,30000,15000,0,0,0.5,0,2520,20629.0,No
RentalLeasing,96,10,Existing,0,0,Unknown,No,50000,45000,0,0,0.9,0,2880,13684.0,No
RentalLeasing,120,1,New,0,0,Unknown,No,250000,212500,1,0,0.85,0,3600,14496.0,No
RentalLeasing,300,12,Existing,0,0,Unknown,No,212000,180200,0,1,0.85,0,9000,19896.0,No
RealEstateServices,84,1,Existing,2,3,Urban,Yes,50000,25000,0,0,0.5,0,2520,20598.0,No
RentalLeasing,84,10,New,0,0,Unknown,No,200000,170000,1,0,0.85,0,2520,13324.0,No
RentalLeasing,240,16,Existing,0,0,Unknown,No,171000,128250,0,1,0.75,0,7200,18188.0,No
RentalLeasing,102,2,Existing,1,2,Urban,No,10000,9000,0,0,0.9,0,3060,21169.0,Yes
RealEstateServices,120,2,New,5,2,Urban,No,10000,9000,1,0,0.9,0,3600,21709.0,No
RentalLeasing,84,27,Existing,0,0,Unknown,No,125000,112500,0,0,0.9,0,2520,13416.0,No
RentalLeasing,240,2,Existing,6,6,Urban,No,180000,180000,0,1,1.0,0,7200,21975.0,No
RentalLeasing,120,7,Existing,0,0,Unknown,No,550000,465850,0,0,0.847,0,3600,14588.0,No
RentalLeasing,155,12,New,0,0,Unknown,No,230000,195500,1,0,0.85,0,4650,15638.0,No
RentalLeasing,240,1,Existing,0,0,Unknown,No,270000,229500,0,1,0.85,0,7200,18188.0,No
RealEstateServices,94,2,Existing,4,2,Urban,No,435000,391500,0,0,0.9,0,2820,21022.0,Yes
RentalLeasing,120,2,Existing,2,2,Rural,Unknown,138000,103500,0,0,0.75,0,3600,18269.0,No
RentalLeasing,120,23,Existing,0,22,Urban,No,1500000,1350000,0,0,0.9,0,3600,21770.0,No
RentalLeasing,300,1,New,0,0,Unknown,No,120000,108000,1,1,0.9,0,9000,19988.0,No
RentalLeasing,84,3,New,0,0,Unknown,No,115000,103500,1,0,0.9,0,2520,13508.0,No
RealEstateServices,300,6,Existing,6,6,Urban,Unknown,348000,261000,0,1,0.75,0,9000,23700.0,No
RealEstateServices,240,3,Existing,3,3,Urban,No,750000,750000,0,1,1.0,0,7200,21975.0,No
RentalLeasing,110,5,Existing,0,5,Urban,Unknown,65000,52000,0,0,0.8,1,3300,18000.0,Yes
RentalLeasing,84,4,New,0,0,Unknown,No,80000,72000,1,0,0.9,0,2520,13508.0,No
RentalLeasing,300,3,Existing,0,0,Urban,No,480000,360000,0,1,0.75,0,9000,23730.0,No
RealEstateServices,109,1,Existing,0,1,Urban,No,7500,6750,0,0,0.9,0,3270,21440.0,Yes
RealEstateServices,52,6,Existing,0,6,Urban,Unknown,125000,93750,0,0,0.75,0,1560,16260.0,Yes
RentalLeasing,60,8,Existing,2,8,Urban,Yes,75000,37500,0,0,0.5,0,1800,16530.0,No
RentalLeasing,84,3,Existing,0,3,Urban,No,25000,22500,0,0,0.9,0,2520,20690.0,No
RentalLeasing,84,4,Existing,1,4,Urban,Unknown,200000,150000,0,0,0.75,0,2520,20448.0,No
Other,120,6,New,0,0,Unknown,No,90000,81000,1,0,0.9,0,3600,14677.0,No
RentalLeasing,120,10,Existing,0,10,Urban,Unknown,200000,150000,0,0,0.75,0,3600,18300.0,No
RentalLeasing,300,5,New,0,0,Unknown,No,100000,90000,1,1,0.9,0,9000,19988.0,No
RealEstateServices,300,8,Existing,2,8,Urban,No,1556000,1400400,0,1,0.9,0,9000,27171.0,No
RentalLeasing,120,36,Existing,4,0,Urban,No,504000,453600,0,0,0.9,0,3600,21922.0,No
RealEstateLessors,300,4,Existing,0,4,Urban,No,900000,810000,0,1,0.9,0,9000,27263.0,No
RentalLeasing,120,1,Existing,0,0,Unknown,No,60000,54000,0,0,0.9,0,3600,14588.0,No
RealEstateLessors,300,5,Existing,2,7,Urban,No,580000,522000,0,1,0.9,0,9000,27178.0,No
RealEstateServices,288,1,Existing,0,1,Urban,Unknown,225000,168750,0,1,0.75,0,8640,23370.0,No
RealEstateServices,84,5,Existing,3,5,Rural,Unknown,40000,32000,0,0,0.8,0,2520,17281.0,No
RealEstateServices,306,13,Existing,12,13,Urban,Unknown,1000000,750000,0,1,0.75,0,9180,24033.0,No
RentalLeasing,84,55,Existing,10,55,Urban,Unknown,250000,187500,0,0,0.75,0,2520,17311.0,No
RentalLeasing,240,13,Existing,0,0,Urban,No,574000,430500,0,1,0.75,0,7200,21961.0,No
RealEstateLessors,300,2,New,2,2,Urban,No,446800,402120,1,1,0.9,0,9000,27196.0,No
RentalLeasing,120,5,Existing,0,5,Urban,Unknown,250000,187500,0,0,0.75,0,3600,18361.0,No
Other,96,4,Existing,0,0,Unknown,No,150000,135000,0,0,0.9,0,2880,13868.0,No
RentalLeasing,300,1,New,9,0,Urban,No,632100,568890,1,1,0.9,0,9000,27232.0,No
RentalLeasing,300,12,Existing,0,12,Urban,No,1177500,1059750,0,1,0.9,0,9000,27232.0,No
RentalLeasing,240,6,Existing,4,6,Urban,No,129000,129000,0,1,1.0,0,7200,22066.0,No
RentalLeasing,300,9,Existing,0,9,Urban,Unknown,675000,506250,0,1,0.75,0,9000,23791.0,No
RentalLeasing,240,5,Existing,5,5,Urban,Unknown,185000,138750,0,1,0.75,0,7200,21991.0,No
RealEstateServices,92,1,New,1,1,Urban,No,5000,4500,1,0,0.9,0,2760,20979.0,Yes
RealEstateServices,300,32,Existing,0,32,Urban,No,2000000,1500000,0,1,0.75,0,9000,27291.0,No
RentalLeasing,60,1,Existing,0,1,Urban,Unknown,25200,20160,0,0,0.8,0,1800,16591.0,No
RealEstateServices,300,10,Existing,0,10,Urban,Unknown,500000,362700,0,1,0.7254,0,9000,23791.0,No
RealEstateLessors,300,3,Existing,0,3,Urban,No,1150000,1035000,0,1,0.9,0,9000,27263.0,No
RealEstateLessors,300,2,Existing,0,2,Rural,No,300000,225000,0,1,0.75,0,9000,27240.0,No
RealEstateServices,303,2,Existing,0,2,Urban,Unknown,222000,166500,0,1,0.75,0,9090,23943.0,No
RealEstateServices,84,5,Existing,0,5,Urban,Yes,25000,12500,0,0,0.5,0,2520,20765.0,No
RentalLeasing,84,20,Existing,2,20,Urban,No,450000,405000,0,0,0.9,0,2520,20814.0,No
RealEstateServices,91,0,Existing,2,0,Rural,No,100000,90000,0,0,0.9,0,2730,21024.0,Yes
RealEstateServices,240,15,Existing,0,15,Urban,No,327000,294300,0,1,0.9,0,7200,25522.0,No
RealEstateServices,110,4,Existing,0,4,Rural,No,200000,180000,0,0,0.9,0,3300,21622.0,Yes
RentalLeasing,300,2,New,0,0,Unknown,No,161000,128800,1,1,0.8,0,9000,20077.0,No
Other,300,3,Existing,0,3,Urban,No,618000,556200,0,1,0.9,0,9000,27353.0,No
RentalLeasing,180,3,New,2,5,Urban,Unknown,500000,375000,1,0,0.75,0,5400,20283.0,No
RealEstateServices,300,2,Existing,5,2,Urban,Unknown,135000,101250,0,1,0.75,0,9000,23853.0,No
RealEstateServices,60,13,Existing,8,5,Urban,No,100000,50000,0,0,0.5,0,1800,20153.0,No
RealEstateLessors,300,26,Existing,0,26,Urban,Unknown,1344400,680857,0,1,0.506439304,0,9000,23853.0,No
RealEstateLessors,300,26,Existing,0,26,Urban,Unknown,136500,69129,0,1,0.50643956,0,9000,23914.0,No
RealEstateServices,300,10,Existing,0,10,Urban,No,225000,202500,0,1,0.9,0,9000,27322.0,No
RentalLeasing,120,150,New,0,150,Urban,No,1665000,1498500,1,0,0.9,0,3600,21922.0,No
RealEstateServices,300,57,Existing,0,57,Urban,Unknown,193000,144750,0,1,0.75,0,9000,23944.0,No
RealEstateLessors,300,4,Existing,0,4,Urban,Unknown,126000,94500,0,1,0.75,0,9000,23883.0,No
RentalLeasing,240,18,Existing,14,18,Urban,No,688000,688000,0,1,1.0,0,7200,22465.0,No
RentalLeasing,60,5,Existing,0,5,Urban,Yes,50000,25000,0,0,0.5,0,1800,16744.0,No
RentalLeasing,300,5,Existing,2,7,Urban,Unknown,594000,445500,0,1,0.75,0,9000,23883.0,No
Other,300,3,Existing,0,3,Urban,No,250000,225000,0,1,0.9,0,9000,27383.0,No
RealEstateLessors,300,130,Existing,4,130,Urban,Unknown,1149000,749998,0,1,0.652739774,0,9000,23914.0,No
RealEstateLessors,240,16,Existing,17,0,Urban,No,577000,577000,0,1,1.0,0,7200,22220.0,No
RentalLeasing,84,2,New,20,20,Urban,Unknown,500000,375000,1,0,0.75,0,2520,17495.0,No
RentalLeasing,120,3,Existing,0,3,Urban,Unknown,115400,86550,0,0,0.75,0,3600,18544.0,No
RealEstateServices,300,1,Existing,0,1,Urban,Unknown,333000,249750,0,1,0.75,0,9000,23975.0,No
RentalLeasing,8,5,Existing,0,0,Urban,Unknown,127500,95625,0,0,0.75,0,240,15184.0,Yes
RentalLeasing,114,2,New,2,2,Urban,Unknown,25000,20000,1,0,0.8,0,3420,18364.0,No
RealEstateServices,300,10,Existing,0,10,Urban,Unknown,517500,388125,0,1,0.75,0,9000,23914.0,No
RealEstateLessors,306,6,Existing,0,6,Urban,Unknown,607000,455250,0,1,0.75,0,9180,24094.0,No
RentalLeasing,106,14,Existing,2,16,Urban,Unknown,400000,300000,0,0,0.75,0,3180,18124.0,Yes
RealEstateServices,84,4,Existing,2,4,Urban,Yes,35000,31500,0,0,0.9,0,2520,20878.0,No
RealEstateServices,83,2,Existing,1,2,Urban,Yes,88000,44000,0,0,0.5,0,2490,17404.0,No
RealEstateServices,59,2,Existing,5,2,Urban,Yes,35000,17500,0,0,0.5,0,1770,20138.0,Yes
RealEstateServices,240,47,Existing,4,0,Urban,Unknown,414000,414000,0,1,1.0,0,7200,22276.0,No
RentalLeasing,99,3,Existing,4,3,Urban,No,10000,9000,0,0,0.9,0,2970,21345.0,Yes
RentalLeasing,84,2,Existing,0,2,Urban,No,50300,25150,0,0,0.5,0,2520,20903.0,No
RealEstateServices,240,14,Existing,8,0,Urban,No,215000,215000,0,1,1.0,0,7200,25748.0,No
RentalLeasing,240,5,Existing,5,0,Urban,No,163000,163000,0,1,1.0,0,7200,22220.0,No
RealEstateServices,87,10,Existing,2,10,Urban,Unknown,100000,80000,0,0,0.8,1,2610,17585.0,No
RealEstateServices,84,1,Existing,0,1,Urban,No,135000,121500,0,0,0.9,0,2520,20934.0,No
RealEstateServices,85,2,New,2,2,Urban,No,5000,4500,1,0,0.9,0,2550,20938.0,No
RealEstateServices,84,14,New,20,34,Urban,Yes,50000,25000,1,0,0.5,0,2520,20909.0,No
RentalLeasing,84,2,New,0,0,Unknown,No,35000,31500,1,0,0.9,0,2520,13689.0,No
RealEstateServices,240,15,Existing,5,15,Urban,No,536000,536000,0,1,1.0,0,7200,22703.0,No
RealEstateServices,240,3,Existing,5,3,Urban,No,188000,188000,0,1,1.0,0,7200,22640.0,No
RealEstateServices,240,7,Existing,3,4,Urban,No,250000,250000,0,1,1.0,0,7200,22276.0,No
RentalLeasing,240,5,Existing,5,0,Urban,No,338000,338000,0,1,1.0,0,7200,22465.0,No
RealEstateServices,36,4,Existing,0,4,Urban,Yes,55000,27500,0,0,0.5,0,1080,16206.0,No
RealEstateServices,36,3,Existing,3,3,Urban,Yes,75000,37500,0,0,0.5,0,1080,16145.0,No
RealEstateServices,104,4,Existing,0,4,Urban,No,15000,12750,0,0,0.85,0,3120,21540.0,Yes
RentalLeasing,240,18,Existing,10,0,Urban,No,440000,440000,0,1,1.0,0,7200,22276.0,No
RentalLeasing,109,2,New,0,0,Urban,No,229200,171900,1,0,0.75,0,3270,18622.0,No
RealEstateServices,84,1,Existing,0,1,Urban,Yes,20000,10000,0,0,0.5,0,2520,20995.0,No
RentalLeasing,300,2,Existing,0,2,Urban,Unknown,125100,93825,0,1,0.75,0,9000,23975.0,No
RentalLeasing,108,3,New,0,0,Unknown,No,243000,206550,1,0,0.85,0,3240,14501.0,No
RentalLeasing,120,4,New,0,0,Unknown,No,90000,72000,1,0,0.8,0,3600,14769.0,No
RentalLeasing,120,68,Existing,2,2,Urban,Unknown,1000000,750000,0,0,0.75,0,3600,18606.0,No
RealEstateServices,84,1,New,4,1,Urban,Unknown,100000,80000,1,0,0.8,1,2520,17585.0,No
RentalLeasing,120,3,Existing,1,3,Urban,Unknown,100000,75000,0,0,0.75,0,3600,18665.0,No
RealEstateLessors,240,40,Existing,20,0,Urban,No,751000,751000,0,1,1.0,0,7200,22521.0,No
RealEstateServices,84,1,New,1,1,Urban,Yes,24700,12350,1,0,0.5,0,2520,20971.0,No
RealEstateLessors,303,1,Existing,0,1,Urban,Unknown,1000000,750000,0,1,0.75,0,9090,24096.0,No
RentalLeasing,84,3,Existing,1,3,Urban,No,205000,153750,0,0,0.75,0,2520,21026.0,No
RentalLeasing,60,1,New,0,0,Urban,Unknown,30000,25500,1,0,0.85,0,1800,16834.0,No
RealEstateServices,84,10,Existing,0,10,Urban,Yes,250000,125000,0,0,0.5,0,2520,20999.0,No
RealEstateServices,240,1,Existing,7,0,Urban,No,452000,452000,0,1,1.0,0,7200,25748.0,No
RealEstateServices,120,1,Existing,1,1,Rural,No,55000,46750,0,0,0.85,0,3600,22197.0,No
RentalLeasing,300,6,Existing,0,6,Urban,Unknown,701400,526050,0,1,0.75,0,9000,24034.0,No
RealEstateServices,84,1,New,8,8,Rural,Unknown,80000,68000,1,0,0.85,1,2520,17554.0,No
RentalLeasing,120,2,Existing,1,3,Urban,Unknown,220000,165000,0,0,0.75,0,3600,18606.0,No
RealEstateServices,300,3,Existing,7,10,Urban,Unknown,306000,229500,0,1,0.75,0,9000,24006.0,No
RentalLeasing,240,2,Existing,0,0,Urban,No,322400,241800,0,1,0.75,0,7200,22295.0,No
RentalLeasing,120,2,New,0,0,Unknown,No,150000,120000,1,0,0.8,0,3600,14861.0,No
RealEstateLessors,300,20,Existing,10,20,Urban,Unknown,750000,562500,0,1,0.75,0,9000,24126.0,No
RentalLeasing,240,12,Existing,4,12,Urban,No,256000,256000,0,1,1.0,0,7200,22311.0,No
RentalLeasing,84,2,Existing,3,2,Urban,Unknown,250000,187500,0,0,0.75,1,2520,17919.0,No
RentalLeasing,42,2,Existing,0,2,Urban,Yes,30000,15000,0,0,0.5,0,1260,16294.0,Yes
RentalLeasing,96,10,Existing,0,0,Unknown,No,25000,22500,0,0,0.9,0,2880,14141.0,No
RentalLeasing,84,24,Existing,0,24,Urban,No,495000,445500,0,0,0.9,0,2520,21087.0,No
RealEstateLessors,300,6,Existing,0,6,Urban,No,551000,495900,0,1,0.9,0,9000,27567.0,No
RentalLeasing,300,10,Existing,0,0,Rural,No,409500,307125,0,1,0.75,0,9000,24065.0,No
RealEstateServices,300,14,Existing,0,14,Urban,No,510000,459000,0,1,0.9,0,9000,27567.0,No
RentalLeasing,120,6,New,0,0,Unknown,No,200000,170000,1,0,0.85,0,3600,15134.0,No
RentalLeasing,76,2,New,0,0,Unknown,No,60000,54000,1,0,0.9,0,2280,13633.0,No
RentalLeasing,300,4,Existing,2,2,Urban,Unknown,222700,167025,0,1,0.75,0,9000,24065.0,No
RealEstateServices,240,6,Existing,2,0,Urban,No,158000,158000,0,1,1.0,0,7200,22311.0,No
RentalLeasing,84,1,Existing,0,0,Unknown,No,80000,72000,0,0,0.9,0,2520,13873.0,No
RentalLeasing,120,2,New,0,0,Unknown,No,210000,178500,1,0,0.85,0,3600,15042.0,No
RealEstateLessors,120,1,Existing,0,1,Rural,No,500000,450000,0,0,0.9,0,3600,22167.0,No
RentalLeasing,120,1,Existing,1,1,Urban,Unknown,254500,190875,0,0,0.75,0,3600,18634.0,No
Other,240,60,Existing,18,42,Unknown,No,619000,619000,0,1,1.0,0,7200,18902.0,No
RentalLeasing,120,5,Existing,0,0,Unknown,No,50000,40000,0,0,0.8,0,3600,14953.0,No
RealEstateServices,84,1,Existing,0,1,Urban,No,150000,135000,0,0,0.9,0,2520,21070.0,No
RentalLeasing,84,2,Existing,0,2,Urban,Unknown,99000,84150,0,0,0.85,1,2520,17585.0,No
RentalLeasing,300,3,Existing,0,0,Urban,No,330000,247500,0,1,0.75,0,9000,24065.0,No
RealEstateLessors,300,1,Existing,0,1,Urban,No,512000,460800,0,1,0.9,0,9000,27567.0,No
RealEstateServices,300,13,Existing,0,13,Urban,Unknown,157000,117750,0,1,0.75,0,9000,24065.0,No
RentalLeasing,84,3,Existing,0,0,Unknown,No,75000,67500,0,0,0.9,0,2520,13962.0,No
RentalLeasing,120,4,Existing,0,0,Urban,No,455000,341250,0,0,0.75,0,3600,18665.0,No
RealEstateServices,84,2,Existing,0,2,Rural,Yes,10000,5000,0,0,0.5,0,2520,21089.0,No
RentalLeasing,60,4,Existing,0,4,Urban,Yes,35000,17500,0,0,0.5,0,1800,16865.0,No
RealEstateLessors,120,3,New,0,3,Urban,No,90000,81000,1,0,0.9,0,3600,22197.0,No
RealEstateServices,300,40,Existing,0,40,Urban,No,271800,244620,0,1,0.9,0,9000,27575.0,No
RealEstateServices,240,2,Existing,3,0,Urban,Unknown,181000,181000,0,1,1.0,0,7200,22339.0,No
RentalLeasing,84,5,Existing,0,0,Unknown,No,140000,126000,0,0,0.9,0,2520,13962.0,No
RentalLeasing,300,35,Existing,0,35,Urban,Unknown,333000,249750,0,1,0.75,0,9000,24095.0,No
RealEstateLessors,300,5,Existing,1,5,Urban,Unknown,345000,258750,0,1,0.75,0,9000,24095.0,No
RentalLeasing,300,20,Existing,0,20,Urban,Unknown,260000,195000,0,1,0.75,0,9000,24095.0,No
RealEstateServices,14,7,Existing,0,8,Rural,Yes,200000,100000,0,0,0.5,0,420,19017.0,No
RealEstateServices,300,6,Existing,4,2,Urban,Unknown,545000,408750,0,1,0.75,0,9000,24065.0,No
RentalLeasing,300,6,Existing,6,12,Urban,No,2350000,2115000,0,1,0.9,0,9000,27598.0,No
RentalLeasing,300,2,Existing,0,0,Unknown,No,240000,204000,0,1,0.85,0,9000,20442.0,No
RealEstateLessors,300,50,Existing,0,0,Urban,No,143000,107250,0,1,0.75,0,9000,24126.0,No
RealEstateServices,240,2,Existing,0,2,Urban,Unknown,434000,434000,0,1,1.0,0,7200,22339.0,No
RentalLeasing,31,1,New,0,0,Unknown,No,60000,54000,1,0,0.9,0,930,12372.0,Yes
RentalLeasing,84,9,Existing,0,0,Unknown,No,369000,295200,0,0,0.8,0,2520,13962.0,No
RentalLeasing,84,3,New,1,3,Urban,Yes,50000,25000,1,0,0.5,1,2520,17738.0,No
RealEstateServices,240,600,Existing,40,0,Urban,No,1000000,1000000,0,1,1.0,0,7200,22675.0,No
RealEstateServices,63,1,Existing,3,4,Urban,Yes,25000,12500,0,0,0.5,0,1890,20499.0,Yes
RentalLeasing,60,1,Existing,0,0,Unknown,No,288000,244800,0,0,0.85,0,1800,13334.0,No
RealEstateServices,120,12,Existing,0,0,Urban,No,270000,202500,0,0,0.75,0,3600,18726.0,No
Other,120,2,New,0,0,Unknown,No,58000,52200,1,0,0.9,0,3600,15226.0,No
RentalLeasing,108,2,Existing,0,2,Rural,Unknown,135000,114750,0,0,0.85,0,3240,18335.0,No
RentalLeasing,180,13,Existing,0,0,Unknown,No,211900,180115,0,0,0.85,0,5400,17392.0,No
RentalLeasing,87,4,New,0,0,Unknown,No,183000,150060,1,0,0.82,0,2610,14328.0,No
RentalLeasing,138,3,Existing,0,0,Unknown,No,89000,80100,0,0,0.9,0,4140,15674.0,Yes
RentalLeasing,84,3,Existing,0,0,Unknown,No,60000,54000,0,0,0.9,0,2520,14054.0,No
RealEstateServices,300,1,Existing,0,1,Urban,Unknown,220000,165000,0,1,0.75,0,9000,24126.0,No
RentalLeasing,120,2,New,0,0,Unknown,No,94000,75200,1,0,0.8,0,3600,15226.0,No
RentalLeasing,120,3,Existing,1,2,Urban,Unknown,435000,326250,0,0,0.75,0,3600,18818.0,No
RentalLeasing,240,8,New,0,0,Unknown,No,265500,225675,1,1,0.85,0,7200,18826.0,No
RentalLeasing,240,7,Existing,0,0,Unknown,No,110000,99000,0,1,0.9,0,7200,18826.0,No
RentalLeasing,272,10,Existing,0,0,Unknown,No,700000,595000,0,1,0.85,0,8160,19786.0,No
RentalLeasing,120,9,Existing,15,9,Urban,Unknown,400000,300000,0,0,0.75,0,3600,18756.0,No
RealEstateServices,304,5,Existing,0,5,Urban,Unknown,899000,674250,0,1,0.75,0,9120,24307.0,No
RentalLeasing,84,25,Existing,0,0,Unknown,No,135000,121500,0,0,0.9,0,2520,14146.0,No
RealEstateServices,300,7,Existing,0,7,Urban,Unknown,866800,650100,0,1,0.75,0,9000,24156.0,No
RealEstateServices,300,5,Existing,0,5,Urban,Unknown,435000,326250,0,1,0.75,0,9000,24156.0,No
RentalLeasing,300,13,Existing,4,13,Urban,Unknown,864000,648000,0,1,0.75,0,9000,24156.0,No
RentalLeasing,96,2,Existing,0,0,Unknown,No,60000,48000,0,0,0.8,0,2880,14506.0,No
RentalLeasing,72,2,Existing,0,0,Unknown,No,64700,58230,0,0,0.9,0,2160,13786.0,No
RentalLeasing,120,5,New,0,0,Unknown,No,100000,90000,1,0,0.9,0,3600,15318.0,No
RealEstateServices,300,10,Existing,0,0,Urban,No,810000,607500,0,1,0.75,0,9000,24218.0,No
RealEstateServices,240,15,Existing,5,15,Urban,Unknown,168000,126000,0,1,0.75,0,7200,22387.0,No
RealEstateServices,300,6,Existing,0,6,Urban,Unknown,350000,262500,0,1,0.75,0,9000,24156.0,No
RentalLeasing,120,3,New,0,0,Unknown,No,85000,76500,1,0,0.9,0,3600,15318.0,No
RealEstateServices,300,10,Existing,6,16,Urban,Unknown,74300,63155,0,1,0.85,0,9000,24218.0,No
RentalLeasing,240,24,Existing,6,0,Urban,Unknown,848000,848000,0,1,1.0,0,7200,22976.0,No
RealEstateServices,240,55,Existing,40,0,Urban,Unknown,1000000,1000000,0,1,1.0,0,7200,22465.0,No
RentalLeasing,123,12,New,4,12,Urban,Unknown,862500,646875,1,0,0.75,0,3690,18938.0,No
RentalLeasing,120,5,Existing,0,5,Urban,Unknown,120000,102000,0,0,0.85,0,3600,18818.0,No
RentalLeasing,276,25,Existing,0,0,Unknown,No,97500,82875,0,1,0.85,0,8280,20088.0,No
RentalLeasing,300,25,Existing,0,0,Unknown,No,626000,532100,0,1,0.85,0,9000,20808.0,No
RentalLeasing,300,2,New,4,2,Urban,Unknown,360000,270000,1,1,0.75,0,9000,24218.0,No
RentalLeasing,273,4,New,0,0,Unknown,No,320000,272000,1,1,0.85,0,8190,19998.0,No
RentalLeasing,240,3,Existing,2,0,Urban,Unknown,726000,726000,0,1,1.0,0,7200,22465.0,No
RealEstateServices,240,5,Existing,5,0,Urban,No,235000,235000,0,1,1.0,0,7200,22493.0,No
RentalLeasing,84,3,New,0,0,Unknown,No,75000,67500,1,0,0.9,0,2520,14328.0,No
RealEstateLessors,300,6,Existing,0,6,Urban,Unknown,428000,321000,0,1,0.75,0,9000,24218.0,No
RentalLeasing,66,6,Existing,0,0,Urban,Unknown,125000,106250,0,0,0.85,0,1980,17228.0,No
RentalLeasing,123,4,Existing,1,4,Urban,Unknown,150000,127500,0,0,0.85,0,3690,18938.0,No
RentalLeasing,180,5,Existing,2,5,Urban,Unknown,256800,192600,0,0,0.75,0,5400,20648.0,No
RentalLeasing,180,8,Existing,4,8,Urban,Unknown,300000,225000,0,0,0.75,0,5400,20648.0,No
RealEstateServices,84,11,Existing,0,0,Urban,No,330000,247500,0,0,0.75,1,2520,17768.0,No
RentalLeasing,300,12,Existing,0,12,Urban,Unknown,96800,82280,0,1,0.85,0,9000,24248.0,No
RealEstateServices,84,2,Existing,0,0,Urban,No,201000,150750,0,0,0.75,1,2520,17829.0,No
RentalLeasing,228,10,New,0,0,Unknown,No,170000,136000,1,0,0.8,0,6840,18740.0,No
RentalLeasing,41,4,New,0,0,Rural,No,50000,42500,1,0,0.85,0,1230,16478.0,Yes
RentalLeasing,120,23,Existing,0,23,Urban,Unknown,250000,187500,0,0,0.75,0,3600,18848.0,No
RealEstateServices,120,15,Existing,0,0,Urban,No,375000,281250,0,0,0.75,0,3600,18848.0,No
RealEstateServices,300,9,Existing,0,0,Urban,No,614700,461025,0,1,0.75,0,9000,24279.0,No
RentalLeasing,300,4,Existing,0,4,Urban,Unknown,189000,141750,0,1,0.75,0,9000,24309.0,No
RentalLeasing,84,1,New,5,1,Urban,Unknown,280000,210000,1,0,0.75,1,2520,17799.0,No
RealEstateServices,12,15,Existing,1,16,Unknown,Unknown,50000,42500,0,0,0.85,0,360,15639.0,No
RentalLeasing,60,2,Existing,0,0,Unknown,No,65000,58500,0,0,0.9,0,1800,13792.0,No
RealEstateLessors,240,6,Existing,6,0,Urban,No,68000,68000,0,1,1.0,0,7200,22556.0,No
RentalLeasing,60,20,Existing,0,0,Urban,Yes,150000,75000,0,0,0.5,0,1800,17140.0,No
RentalLeasing,240,14,Existing,0,0,Unknown,No,670000,536670,0,1,0.801,0,7200,19192.0,No
RealEstateServices,240,30,Existing,5,25,Urban,No,1000000,1000000,0,1,1.0,0,7200,22640.0,No
RealEstateServices,122,8,Existing,0,8,Rural,Unknown,115000,97750,0,0,0.85,0,3660,18969.0,No
RentalLeasing,84,1,Existing,1,1,Rural,Unknown,25000,21250,0,0,0.85,1,2520,17799.0,No
RentalLeasing,116,2,New,1,3,Urban,Unknown,152500,114375,1,0,0.75,0,3480,18759.0,No
RentalLeasing,240,60,Existing,130,70,Urban,No,981000,981000,0,1,1.0,0,7200,22584.0,No
RealEstateLessors,300,8,Existing,0,8,Urban,Unknown,396000,297000,0,1,0.75,0,9000,24371.0,No
RentalLeasing,180,13,Existing,3,13,Urban,Unknown,250000,187500,0,0,0.75,0,5400,20679.0,No
Other,120,5,New,0,0,Unknown,No,80000,72000,1,0,0.9,0,3600,15592.0,No
RealEstateServices,240,129,Existing,16,0,Urban,Unknown,1000000,1000000,0,1,1.0,0,7200,22612.0,No
RentalLeasing,78,25,New,0,0,Unknown,No,675000,573750,1,0,0.85,0,2340,14332.0,Yes
RentalLeasing,120,35,Existing,0,35,Urban,Unknown,330000,247500,0,0,0.75,0,3600,19152.0,No
RentalLeasing,120,1,Existing,0,1,Urban,Unknown,145900,124015,0,0,0.85,0,3600,18879.0,No
RentalLeasing,300,6,Existing,0,6,Urban,Unknown,497000,372750,0,1,0.75,0,9000,24309.0,No
RentalLeasing,300,13,Existing,0,0,Unknown,No,130000,117000,0,1,0.9,0,9000,20992.0,No
RentalLeasing,240,32,Existing,4,32,Urban,No,380000,380000,0,1,1.0,0,7200,22584.0,No
RentalLeasing,120,3,Existing,0,0,Urban,No,175000,131250,0,0,0.75,0,3600,18971.0,No
RentalLeasing,300,13,Existing,0,0,Unknown,No,199598,159678,0,1,0.799997996,0,9000,20992.0,No
RentalLeasing,240,57,Existing,15,0,Urban,No,935000,935000,0,1,1.0,0,7200,23011.0,No
RealEstateServices,300,2,New,5,0,Urban,Unknown,315000,236250,1,1,0.75,0,9000,24340.0,No
RealEstateServices,300,2,Existing,0,2,Urban,Unknown,377500,283125,0,1,0.75,0,9000,24340.0,No
RentalLeasing,300,34,Existing,0,34,Urban,Unknown,323000,242250,0,1,0.75,0,9000,24521.0,No
RealEstateServices,240,9,Existing,2,7,Urban,No,732000,732000,0,1,1.0,0,7200,22584.0,No
RentalLeasing,84,1,Existing,0,1,Urban,Yes,24400,12200,0,0,0.5,1,2520,17860.0,No
RentalLeasing,84,1,New,0,0,Urban,No,50000,42500,1,0,0.85,1,2520,17860.0,No
RentalLeasing,120,9,New,0,0,Unknown,No,167300,142205,1,0,0.85,0,3600,15865.0,No
RentalLeasing,120,4,Existing,0,0,Urban,No,283000,212250,0,0,0.75,0,3600,18940.0,No
RealEstateServices,84,6,Existing,0,0,Urban,Unknown,55000,46750,0,0,0.85,1,2520,17860.0,No
RealEstateLessors,120,2,Existing,0,0,Urban,Unknown,125000,62500,0,0,0.5,0,3600,18999.0,No
RealEstateServices,300,5,Existing,0,5,Urban,Unknown,148500,126225,0,1,0.85,0,9000,24371.0,No
RealEstateLessors,305,10,Existing,0,10,Urban,Unknown,712300,534225,0,1,0.75,0,9150,24521.0,No
RealEstateServices,300,2,Existing,0,2,Urban,Unknown,700000,525000,0,1,0.75,0,9000,24399.0,No
RentalLeasing,240,40,Existing,20,60,Urban,No,1278000,1278000,0,1,1.0,0,7200,22766.0,No
RentalLeasing,300,5,Existing,2,7,Urban,Unknown,346000,259500,0,1,0.75,0,9000,24371.0,No
RealEstateServices,240,4,Existing,21,0,Urban,Unknown,138000,138000,0,1,1.0,0,7200,22612.0,No
RentalLeasing,300,10,Existing,0,0,Urban,No,760500,570375,0,1,0.75,0,9000,24371.0,No
RealEstateServices,108,2,Existing,0,2,Urban,Unknown,240500,180375,0,0,0.75,0,3240,18611.0,No
RealEstateServices,300,3,Existing,0,3,Urban,Unknown,150000,75000,0,1,0.5,0,9000,24371.0,No
RealEstateServices,240,10,Existing,10,0,Urban,No,803000,803000,0,1,1.0,0,7200,23221.0,No
RentalLeasing,120,1,New,0,1,Urban,Unknown,186800,140100,1,0,0.75,0,3600,18971.0,No
RealEstateServices,36,1,Existing,5,1,Urban,Yes,45000,22500,0,0,0.5,0,1080,16451.0,No
RealEstateServices,204,2,Existing,0,2,Urban,Unknown,218900,142285,0,0,0.65,0,6120,21491.0,No
RealEstateServices,33,1,Existing,0,1,Urban,Yes,30000,15000,0,0,0.5,0,990,16361.0,Yes
RealEstateServices,36,3,Existing,0,3,Urban,Yes,10000,5000,0,0,0.5,0,1080,16479.0,No
RentalLeasing,240,6,Existing,0,6,Urban,No,331000,331000,0,1,1.0,0,7200,22640.0,No
RealEstateServices,9,3,Existing,2,5,Urban,No,50000,25000,0,0,0.5,0,270,15669.0,Yes
RealEstateLessors,84,1,New,1,1,Urban,Unknown,50000,42500,1,0,0.85,1,2520,18072.0,No
RealEstateServices,300,2,Existing,0,2,Urban,Unknown,496000,372000,0,1,0.75,0,9000,24399.0,No
RealEstateServices,300,7,Existing,0,7,Urban,Unknown,175000,131250,0,1,0.75,0,9000,24430.0,No
RealEstateServices,60,8,Existing,5,5,Urban,Unknown,150000,75000,0,0,0.5,0,1800,17321.0,No
RealEstateServices,300,1,Existing,0,1,Rural,Unknown,400000,300000,0,1,0.75,0,9000,24430.0,No
RentalLeasing,300,2,New,5,7,Urban,Unknown,738700,554025,1,1,0.75,0,9000,24460.0,No
RentalLeasing,240,16,Existing,5,0,Urban,Unknown,399000,399000,0,1,1.0,0,7200,22766.0,No
RealEstateServices,84,4,Existing,1,4,Urban,Yes,30000,15000,0,0,0.5,1,2520,17950.0,No
RentalLeasing,300,6,Existing,0,6,Urban,Unknown,574000,430500,0,1,0.75,0,9000,24521.0,No
RentalLeasing,120,6,Existing,0,0,Urban,No,1333000,999750,0,0,0.75,0,3600,19091.0,No
RealEstateServices,300,1,Existing,2,1,Urban,Unknown,201000,150750,0,1,0.75,0,9000,24460.0,No
RealEstateServices,240,225,Existing,75,150,Urban,No,762000,762000,0,1,1.0,0,7200,23011.0,No
RentalLeasing,36,1,Existing,0,1,Urban,Unknown,30000,15000,0,0,0.5,0,1080,16510.0,No
RealEstateServices,96,7,New,1,7,Urban,Unknown,150000,127500,1,0,0.85,0,2880,18340.0,No
RealEstateServices,70,1,Existing,1,1,Urban,Yes,30000,15000,0,0,0.5,1,2100,17956.0,No
RentalLeasing,36,7,Existing,2,7,Urban,Unknown,25000,12500,0,0,0.5,0,1080,16540.0,No
Other,120,8,New,0,0,Unknown,No,100000,90000,1,0,0.9,0,3600,15684.0,No
RentalLeasing,60,7,Existing,2,7,Urban,Unknown,25000,12500,0,0,0.5,0,1800,17260.0,No
RealEstateServices,120,2,Existing,0,2,Urban,Unknown,191000,143250,0,0,0.75,0,3600,19091.0,No
RentalLeasing,54,2,New,0,0,Urban,No,70000,59500,1,0,0.85,0,1620,17080.0,Yes
RealEstateServices,300,3,Existing,0,0,Urban,No,550000,412500,0,1,0.75,0,9000,24460.0,No
RealEstateServices,84,1,New,0,1,Urban,Yes,10000,5000,1,0,0.5,1,2520,17980.0,No
RentalLeasing,300,11,Existing,0,0,Urban,No,374400,280800,0,1,0.75,0,9000,24460.0,No
RentalLeasing,120,6,Existing,0,0,Urban,No,925000,693750,0,0,0.75,0,3600,19274.0,No
RealEstateLessors,240,65,Existing,32,0,Urban,No,1000000,1000000,0,1,1.0,0,7200,22731.0,No
RentalLeasing,252,14,Existing,2,14,Urban,Unknown,300000,225000,0,1,0.75,0,7560,23112.0,No
RentalLeasing,96,10,Existing,2,10,Urban,Unknown,223000,167250,0,0,0.75,0,2880,18371.0,No
RealEstateServices,288,16,Existing,0,16,Urban,Unknown,169300,126975,0,1,0.75,0,8640,24131.0,No
RentalLeasing,84,15,Existing,0,0,Unknown,No,60000,54000,0,0,0.9,0,2520,14604.0,No
RealEstateLessors,228,2,Existing,0,0,Urban,No,359000,269250,0,0,0.75,0,6840,22331.0,No
RentalLeasing,300,10,Existing,2,10,Urban,Unknown,431000,323250,0,1,0.75,0,9000,24583.0,No
RealEstateServices,84,1,Existing,1,1,Urban,No,15000,7500,0,0,0.5,1,2520,18011.0,No
RentalLeasing,276,5,Existing,0,5,Urban,Unknown,370000,277500,0,1,0.75,0,8280,23771.0,No
RentalLeasing,300,13,Existing,0,13,Urban,Unknown,925000,693750,0,1,0.75,0,9000,24491.0,No
RentalLeasing,120,3,Existing,0,0,Urban,No,135000,114750,0,0,0.85,0,3600,19152.0,No
RentalLeasing,84,1,New,0,0,Urban,Unknown,28300,24055,1,0,0.85,1,2520,18041.0,No
RealEstateServices,300,2,Existing,0,2,Urban,Unknown,666000,499500,0,1,0.75,0,9000,24491.0,No
RealEstateServices,300,10,Existing,1,11,Urban,Unknown,735000,551250,0,1,0.75,0,9000,24521.0,No
RentalLeasing,120,5,Existing,2,10,Urban,Unknown,84000,63000,0,0,0.75,0,3600,19121.0,No
RealEstateServices,84,2,New,15,2,Urban,Unknown,105000,89250,1,0,0.85,1,2520,18072.0,No
RentalLeasing,84,30,Existing,0,0,Unknown,No,317000,253600,0,0,0.8,0,2520,14604.0,No
RealEstateServices,300,5,Existing,2,3,Urban,Unknown,493400,370050,0,1,0.75,0,9000,24583.0,No
RentalLeasing,120,9,Existing,0,9,Urban,Unknown,595000,446250,0,0,0.75,0,3600,19121.0,No
RentalLeasing,26,3,Existing,2,3,Urban,Unknown,20000,10000,0,0,0.5,0,780,16301.0,Yes
RentalLeasing,120,16,Existing,0,0,Unknown,No,155000,139500,0,0,0.9,0,3600,15684.0,No
RentalLeasing,20,7,Existing,1,7,Urban,Yes,45000,22500,0,0,0.5,0,600,16121.0,Yes
RentalLeasing,8,7,Existing,1,7,Urban,Unknown,12000,6000,0,0,0.5,0,240,15761.0,No
RealEstateServices,300,5,Existing,0,5,Urban,Unknown,550000,412500,0,1,0.75,0,9000,24644.0,No
RealEstateServices,300,10,Existing,2,10,Urban,Unknown,1170000,877500,0,1,0.75,0,9000,24552.0,No
RentalLeasing,96,9,Existing,0,0,Urban,Unknown,150000,75000,0,0,0.5,0,2880,18401.0,No
RentalLeasing,74,16,Existing,0,0,Urban,No,250000,187500,0,0,0.75,1,2220,17833.0,No
RentalLeasing,240,8,Existing,0,8,Urban,No,1071000,1071000,0,1,1.0,0,7200,22794.0,No
RentalLeasing,120,5,New,5,5,Urban,Unknown,1285000,963750,1,0,0.75,0,3600,19152.0,No
RealEstateLessors,300,2,Existing,0,2,Urban,Unknown,243000,182250,0,1,0.75,0,9000,24583.0,No
RealEstateLessors,300,2,Existing,0,2,Urban,Unknown,289000,216750,0,1,0.75,0,9000,24552.0,No
RentalLeasing,300,6,Existing,0,0,Urban,No,1000000,750000,0,1,0.75,0,9000,24552.0,No
RealEstateServices,39,1,Existing,4,1,Urban,Unknown,50000,25000,0,0,0.5,0,1170,16753.0,Yes
RealEstateServices,300,2,Existing,0,2,Urban,Unknown,410500,307875,0,1,0.75,0,9000,24552.0,No
RentalLeasing,254,4,Existing,0,0,Unknown,No,412000,350200,0,1,0.85,0,7620,19793.0,No
RealEstateServices,84,11,New,0,0,Urban,Unknown,150000,127500,1,0,0.85,0,2520,18103.0,No
RealEstateServices,276,4,Existing,4,4,Urban,Unknown,1352100,999999,0,1,0.739589527,0,8280,23832.0,No
RealEstateServices,300,8,Existing,0,0,Urban,No,576000,432000,0,1,0.75,0,9000,24583.0,No
RealEstateLessors,300,2,New,3,0,Urban,Unknown,321300,240975,1,1,0.75,0,9000,24583.0,No
RealEstateServices,84,4,Existing,2,4,Unknown,Unknown,20000,17000,0,0,0.85,1,2520,18072.0,No
RealEstateServices,1,1,Existing,0,1,Unknown,Unknown,5000,4250,0,0,0.85,0,30,15582.0,Yes
RentalLeasing,240,3,Existing,3,0,Urban,No,1298000,1298000,0,1,1.0,0,7200,22885.0,No
RentalLeasing,240,3,Existing,3,3,Urban,Unknown,600000,450000,0,1,0.75,0,7200,22783.0,No
RentalLeasing,60,5,Existing,0,5,Urban,Unknown,75000,63750,0,0,0.85,0,1800,17383.0,No
RealEstateServices,240,85,Existing,5,85,Urban,No,1300000,1300000,0,1,1.0,0,7200,23011.0,No
RentalLeasing,83,1,Existing,0,1,Urban,Yes,15000,7500,0,0,0.5,0,2490,18103.0,No
RentalLeasing,36,2,Existing,1,1,Urban,Unknown,150000,75000,0,0,0.5,0,1080,16663.0,No
RealEstateServices,300,80,Existing,0,80,Urban,Unknown,1084000,813000,0,1,0.75,0,9000,24583.0,No
RealEstateServices,13,2,Existing,3,0,Urban,Unknown,150000,127500,0,0,0.85,0,390,15973.0,Yes
RentalLeasing,91,5,Existing,3,5,Urban,Unknown,135000,114750,0,0,0.85,0,2730,18374.0,Yes
RealEstateServices,240,237,Existing,75,0,Urban,No,907000,907000,0,1,1.0,0,7200,23039.0,No
RentalLeasing,96,13,Existing,6,13,Urban,Unknown,1250000,937500,0,0,0.75,0,2880,18493.0,No
RentalLeasing,120,48,Existing,5,48,Urban,Unknown,2000000,1000000,0,0,0.5,0,3600,19244.0,No
Other,60,5,New,0,0,Unknown,No,145590,131031,1,0,0.9,0,1800,13973.0,No
RentalLeasing,240,2,Existing,1,0,Urban,Unknown,153000,153000,0,1,1.0,0,7200,22948.0,No
RentalLeasing,300,12,Existing,0,12,Urban,Unknown,600000,450000,0,1,0.75,0,9000,24644.0,No
RentalLeasing,120,4,Existing,1,4,Urban,Unknown,183300,137475,0,0,0.75,0,3600,19213.0,No
RealEstateServices,60,1,Existing,1,1,Urban,Yes,15000,7500,0,0,0.5,0,1800,17413.0,No
RentalLeasing,240,3,Existing,3,0,Urban,No,182000,182000,0,1,1.0,0,7200,23067.0,No
RentalLeasing,78,2,New,0,0,Urban,Unknown,150000,127500,1,0,0.85,1,2340,17923.0,No
RentalLeasing,84,1,Existing,0,1,Urban,Yes,25000,12500,0,0,0.5,0,2520,18133.0,No
RentalLeasing,300,15,Existing,0,15,Urban,Unknown,625500,469125,0,1,0.75,0,9000,24613.0,No
RealEstateServices,84,1,Existing,1,2,Urban,Unknown,25000,21250,0,0,0.85,0,2520,18164.0,No
RealEstateServices,84,8,Existing,0,8,Urban,Yes,50000,25000,0,0,0.5,0,2520,18133.0,No
RealEstateLessors,300,6,Existing,0,6,Urban,Unknown,1330000,997500,0,1,0.75,0,9000,24613.0,No
RealEstateServices,276,14,Existing,0,0,Urban,No,292900,219675,0,1,0.75,0,8280,23924.0,No
RentalLeasing,84,75,Existing,0,75,Urban,Unknown,700000,525000,0,0,0.75,0,2520,18194.0,No
RealEstateServices,40,4,Existing,2,4,Urban,Unknown,40000,20000,0,0,0.5,0,1200,16844.0,Yes
RealEstateServices,240,3,New,3,0,Urban,No,532000,532000,1,1,1.0,0,7200,23557.0,No
RentalLeasing,300,8,Existing,0,8,Urban,Unknown,739500,554625,0,1,0.75,0,9000,24644.0,No
RealEstateServices,300,3,Existing,0,3,Urban,Unknown,725000,543750,0,1,0.75,0,9000,24613.0,No
RealEstateServices,60,2,Existing,0,2,Urban,Yes,25000,12500,0,0,0.5,1,1800,17536.0,No
RentalLeasing,120,16,New,0,0,Unknown,No,75000,67500,1,0,0.9,0,3600,15865.0,No
RealEstateServices,60,2,Existing,0,2,Urban,Yes,10000,5000,0,0,0.5,1,1800,18022.0,No
RealEstateServices,84,3,Existing,0,3,Urban,Yes,10000,5000,0,0,0.5,0,2520,18315.0,No
RentalLeasing,120,2,New,15,17,Urban,Unknown,240000,180000,1,0,0.75,0,3600,19244.0,No
RealEstateLessors,300,10,Existing,3,10,Urban,Unknown,706100,529575,0,1,0.75,0,9000,24613.0,No
RentalLeasing,240,57,Existing,25,0,Urban,Unknown,541000,541000,0,1,1.0,0,7200,23011.0,No
RentalLeasing,240,4,Existing,4,0,Rural,No,128000,128000,0,1,1.0,0,7200,23165.0,No
RentalLeasing,300,6,Existing,0,0,Unknown,No,286800,243780,0,1,0.85,0,9000,21357.0,No
RentalLeasing,84,10,Existing,1,1,Urban,Unknown,1450000,999999,0,0,0.689654483,0,2520,18256.0,No
RentalLeasing,300,20,Existing,0,20,Urban,Unknown,1232500,924375,0,1,0.75,0,9000,24674.0,No
RentalLeasing,84,3,Existing,2,3,Urban,Yes,50000,25000,0,0,0.5,0,2520,18256.0,No
RealEstateServices,120,1,New,2,2,Urban,Unknown,107000,90950,1,0,0.85,0,3600,19244.0,No
RentalLeasing,120,14,New,0,0,Unknown,No,300000,255000,1,0,0.85,0,3600,15957.0,No
RentalLeasing,300,5,Existing,0,5,Urban,Unknown,1200000,900000,0,1,0.75,0,9000,24705.0,No
RentalLeasing,300,12,Existing,0,12,Urban,Unknown,562500,421875,0,1,0.75,0,9000,24705.0,No
RentalLeasing,84,2,Existing,1,2,Urban,Yes,30000,15000,0,0,0.5,0,2520,18256.0,No
RentalLeasing,120,1,Existing,0,0,Unknown,No,50000,45000,0,0,0.9,0,3600,15865.0,No
RentalLeasing,36,2,Existing,0,2,Rural,Unknown,16700,8350,0,0,0.5,0,1080,16966.0,No
RealEstateServices,42,2,Existing,5,2,Urban,Unknown,10000,5000,0,0,0.5,0,1260,16934.0,Yes
RentalLeasing,132,2,New,0,0,Unknown,No,125000,108212,1,0,0.865696,0,3960,16225.0,No
RentalLeasing,29,2,Existing,0,0,Urban,Unknown,15000,7500,0,0,0.5,0,870,16606.0,Yes
RealEstateServices,84,1,New,6,1,Urban,Yes,10000,5000,1,0,0.5,0,2520,18256.0,No
RealEstateServices,84,1,Existing,0,1,Urban,Yes,40000,20000,0,0,0.5,0,2520,18194.0,No
RentalLeasing,300,5,Existing,0,0,Unknown,No,807500,646000,0,1,0.8,0,9000,21357.0,No
RealEstateServices,84,2,Existing,0,2,Urban,Unknown,50000,25000,0,0,0.5,0,2520,18225.0,No
RealEstateServices,30,1,Existing,0,1,Unknown,Unknown,15000,12750,0,0,0.85,0,900,16544.0,Yes
RentalLeasing,84,30,Existing,0,30,Urban,Yes,50000,25000,0,0,0.5,0,2520,18284.0,No
RentalLeasing,84,3,Existing,0,3,Urban,Yes,15000,7500,0,0,0.5,0,2520,18194.0,No
RentalLeasing,120,2,Existing,1,2,Urban,Unknown,120000,102000,0,0,0.85,0,3600,19274.0,No
RealEstateServices,300,3,New,0,3,Urban,Unknown,763000,572250,1,1,0.75,0,9000,24705.0,No
RentalLeasing,60,2,Existing,1,2,Urban,Unknown,35000,17500,0,0,0.5,0,1800,17474.0,No
RentalLeasing,13,2,Existing,0,2,Urban,No,35000,17500,0,0,0.5,0,390,16185.0,Yes
RentalLeasing,36,1,Existing,0,1,Urban,Yes,15000,7500,0,0,0.5,0,1080,16997.0,No
RealEstateServices,300,2,Existing,0,2,Urban,Unknown,420000,315000,0,1,0.75,0,9000,24705.0,No
RentalLeasing,300,6,Existing,0,0,Unknown,No,216000,162000,0,1,0.75,0,9000,21449.0,No
RealEstateLessors,300,15,Existing,15,0,Urban,Unknown,500000,375000,0,1,0.75,0,9000,24736.0,No
RentalLeasing,132,1,Existing,0,0,Unknown,No,257000,179900,0,0,0.7,0,3960,16317.0,No
RealEstateServices,300,9,Existing,0,9,Urban,Unknown,1020000,765000,0,1,0.75,0,9000,24705.0,No
RentalLeasing,120,15,Existing,0,15,Urban,Unknown,830000,622500,0,0,0.75,0,3600,19305.0,No
RentalLeasing,8,2,Existing,1,2,Urban,Unknown,10000,5000,0,0,0.5,0,240,15945.0,Yes
RealEstateServices,300,3,New,0,3,Urban,Unknown,100000,75000,1,1,0.75,0,9000,24795.0,No
RentalLeasing,2,4,Existing,1,4,Urban,Unknown,35000,17500,0,0,0.5,0,60,15885.0,Yes
RentalLeasing,300,10,Existing,0,0,Unknown,No,337600,253200,0,1,0.75,0,9000,21357.0,No
RealEstateServices,84,8,Existing,0,8,Urban,Unknown,35000,17500,0,0,0.5,0,2520,18315.0,No
RealEstateLessors,300,8,Existing,4,8,Urban,Unknown,318700,239025,0,1,0.75,0,9000,24736.0,No
RentalLeasing,120,15,New,0,0,Unknown,No,397000,277900,1,0,0.7,0,3600,16049.0,No
RealEstateServices,240,53,Existing,22,0,Urban,Unknown,127000,127000,0,1,1.0,0,7200,23011.0,No
RentalLeasing,70,2,Existing,7,2,Unknown,Unknown,10000,8500,0,0,0.85,1,2100,17836.0,Yes
RentalLeasing,120,2,Existing,0,2,Urban,Unknown,419000,314250,0,0,0.75,0,3600,19395.0,No
RealEstateLessors,240,13,Existing,10,0,Urban,Unknown,999000,999000,0,1,1.0,0,7200,23039.0,No
RealEstateServices,41,3,Existing,5,3,Urban,Yes,30000,15000,0,0,0.5,0,1230,16994.0,No
RealEstateServices,300,1,Existing,10,11,Urban,Unknown,500000,375000,0,1,0.75,0,9000,24764.0,No
RealEstateServices,240,12,Existing,10,12,Urban,No,657000,657000,0,1,1.0,0,7200,23130.0,No
RealEstateServices,300,1,Existing,1,1,Urban,Unknown,397000,297750,0,1,0.75,0,9000,24795.0,No
RealEstateServices,240,5,Existing,25,5,Urban,No,269000,269000,0,1,1.0,0,7200,23130.0,No
RentalLeasing,84,3,Existing,1,3,Urban,Yes,30000,15000,0,0,0.5,0,2520,18345.0,No
RealEstateServices,300,17,Existing,0,17,Urban,Unknown,296200,222150,0,1,0.75,0,9000,24764.0,No
RealEstateServices,29,8,Existing,0,8,Urban,No,50000,25000,0,0,0.5,0,870,16634.0,Yes
RealEstateServices,240,4,Existing,2,4,Urban,No,256000,256000,0,1,1.0,0,7200,23039.0,No
RealEstateServices,60,1,Existing,0,1,Urban,Yes,25000,12500,0,0,0.5,1,1800,17930.0,No
RentalLeasing,120,1,Existing,1,1,Urban,Unknown,35000,17500,0,0,0.5,0,3600,19395.0,No
RealEstateLessors,300,2,Existing,0,0,Urban,No,500000,375000,0,1,0.75,0,9000,24764.0,No
RentalLeasing,36,1,Existing,0,1,Urban,Yes,35000,17500,0,0,0.5,0,1080,16875.0,No
RentalLeasing,87,6,New,0,0,Urban,No,78000,66300,1,0,0.85,0,2610,18374.0,No
RealEstateServices,84,1,Existing,0,0,Urban,Yes,19100,9550,0,0,0.5,0,2520,18315.0,No
RentalLeasing,300,6,Existing,2,4,Urban,Unknown,500000,375000,0,1,0.75,0,9000,24795.0,No
RealEstateServices,240,12,Existing,4,0,Urban,Unknown,366000,366000,0,1,1.0,0,7200,23284.0,No
RealEstateServices,19,3,Existing,2,3,Urban,Yes,50000,25000,0,0,0.5,0,570,16395.0,Yes
RentalLeasing,120,4,Existing,4,8,Urban,Unknown,290000,217500,0,0,0.75,0,3600,19395.0,No
RentalLeasing,84,3,Existing,0,0,Unknown,No,180000,153000,0,0,0.85,0,2520,14969.0,No
RealEstateLessors,84,5,Existing,0,5,Urban,Yes,50000,25000,0,0,0.5,0,2520,18315.0,No
RealEstateServices,306,2,Existing,0,2,Urban,Unknown,500000,375000,0,1,0.75,0,9180,25005.0,No
RealEstateServices,57,2,Existing,0,2,Unknown,Unknown,5000,4250,0,0,0.85,0,1710,17474.0,Yes
RentalLeasing,240,12,Existing,6,0,Urban,Unknown,298000,298000,0,1,1.0,0,7200,23039.0,No
RealEstateServices,84,2,Existing,4,2,Urban,Yes,10000,5000,0,0,0.5,0,2520,18621.0,No
RealEstateServices,23,3,Existing,0,0,Urban,Yes,40000,20000,0,0,0.5,0,690,16485.0,Yes
RealEstateServices,240,3,Existing,2,0,Urban,No,126000,126000,0,1,1.0,0,7200,23039.0,No
RentalLeasing,120,1,New,1,1,Rural,Unknown,120000,102000,1,0,0.85,0,3600,19456.0,No
RealEstateLessors,240,15,Existing,5,15,Urban,Unknown,1300000,1300000,0,1,1.0,0,7200,23102.0,No
RealEstateServices,36,1,Existing,1,1,Urban,Yes,20000,10000,0,0,0.5,0,1080,16875.0,No
RealEstateServices,84,1,Existing,0,1,Urban,Yes,10000,5000,0,0,0.5,0,2520,18315.0,No
RealEstateServices,300,5,Existing,3,5,Urban,Unknown,294000,220500,0,1,0.75,0,9000,24825.0,No
RealEstateServices,120,5,Existing,3,5,Urban,Unknown,151000,113250,0,0,0.75,0,3600,19425.0,No
RentalLeasing,240,15,Existing,15,15,Urban,No,422000,422000,0,1,1.0,0,7200,23102.0,No
RealEstateServices,50,2,Existing,1,2,Urban,No,26000,13000,0,0,0.5,0,1500,17325.0,Yes
RentalLeasing,300,1,Existing,0,1,Urban,Unknown,508500,381375,0,1,0.75,0,9000,24825.0,No
RealEstateServices,84,7,Existing,5,7,Urban,Yes,50000,25000,0,0,0.5,0,2520,18345.0,No
RealEstateServices,19,3,Existing,1,3,Urban,Yes,56000,28000,0,0,0.5,0,570,16426.0,Yes
RentalLeasing,84,6,Existing,0,6,Urban,Yes,50000,25000,0,0,0.5,0,2520,18529.0,No
RentalLeasing,120,4,New,0,0,Urban,No,300000,225000,1,0,0.75,0,3600,19456.0,No
RentalLeasing,36,1,Existing,0,1,Rural,Yes,15000,7500,0,0,0.5,0,1080,17424.0,No
RentalLeasing,84,1,Existing,0,1,Urban,Unknown,5000,2500,0,0,0.5,0,2520,18345.0,No
RentalLeasing,51,15,Existing,1,15,Urban,Unknown,123000,61500,0,0,0.5,0,1530,17355.0,Yes
RealEstateServices,84,2,Existing,0,2,Urban,Yes,50000,25000,0,0,0.5,0,2520,18345.0,No
RealEstateServices,240,65,Existing,32,0,Urban,Unknown,372000,372000,0,1,1.0,0,7200,23284.0,No
RealEstateServices,60,3,Existing,2,3,Urban,Unknown,50000,25000,0,0,0.5,1,1800,17625.0,No
RentalLeasing,240,17,Existing,10,17,Urban,No,351000,351000,0,1,1.0,0,7200,23312.0,No
RealEstateServices,300,2,Existing,0,2,Urban,Unknown,1056200,766917,0,1,0.726109638,0,9000,24917.0,No
RentalLeasing,96,3,Existing,0,0,Urban,Unknown,110000,93500,0,0,0.85,0,2880,18766.0,No
RealEstateLessors,276,2,New,0,2,Urban,Unknown,1015600,761700,1,1,0.75,0,8280,24136.0,No
RealEstateServices,84,8,Existing,0,8,Urban,Yes,10000,5000,0,0,0.5,0,2520,18468.0,No
RealEstateServices,240,4,New,4,0,Urban,No,204000,204000,1,1,1.0,0,7200,23102.0,No
RentalLeasing,36,1,Existing,0,1,Urban,Yes,10000,5000,0,0,0.5,0,1080,16966.0,No
RealEstateServices,84,2,Existing,0,2,Urban,Yes,50000,25000,0,0,0.5,0,2520,18406.0,No
RealEstateServices,84,2,New,1,2,Urban,Unknown,150000,127500,1,0,0.85,0,2520,18376.0,No
RealEstateServices,84,2,New,0,2,Urban,Yes,5000,2500,1,0,0.5,0,2520,18406.0,No
RentalLeasing,84,11,Existing,0,0,Unknown,No,300000,255000,0,0,0.85,0,2520,15058.0,No
RentalLeasing,300,11,Existing,0,0,Unknown,No,220000,165000,0,1,0.75,0,9000,21538.0,No
RentalLeasing,63,8,Existing,0,8,Urban,Unknown,25000,12500,0,0,0.5,1,1890,17746.0,Yes
RentalLeasing,120,2,Existing,0,2,Urban,Unknown,150000,127500,0,0,0.85,0,3600,19486.0,No
RealEstateLessors,126,10,Existing,0,10,Urban,Unknown,145000,108750,0,0,0.75,0,3780,19881.0,No
RentalLeasing,55,1,Existing,0,1,Urban,Unknown,5000,2500,0,0,0.5,1,1650,17536.0,Yes
RealEstateServices,58,8,Existing,1,8,Urban,Yes,50000,25000,0,0,0.5,1,1740,17626.0,Yes
RealEstateServices,84,1,Existing,0,1,Unknown,Unknown,10000,8500,0,0,0.85,0,2520,18406.0,No
RealEstateServices,300,1,Existing,1,1,Urban,Unknown,427100,320325,0,1,0.75,0,9000,24886.0,No
RentalLeasing,84,3,Existing,0,3,Urban,Unknown,25000,12500,0,0,0.5,0,2520,18406.0,No
RealEstateServices,84,1,Existing,2,1,Unknown,Unknown,5000,4250,0,0,0.85,0,2520,18376.0,No
RealEstateServices,25,4,Existing,1,4,Unknown,Unknown,10000,8500,0,0,0.85,0,750,16606.0,Yes
RealEstateServices,72,8,Existing,0,0,Rural,No,484000,363000,0,0,0.75,1,2160,18046.0,Yes
RentalLeasing,120,10,Existing,0,10,Urban,Unknown,107700,91545,0,0,0.85,0,3600,19486.0,No
RentalLeasing,120,3,Existing,1,3,Urban,Unknown,97800,83130,0,0,0.85,0,3600,19486.0,No
RentalLeasing,300,16,Existing,0,0,Unknown,No,345000,241500,0,1,0.7,0,9000,21538.0,No
RealEstateServices,84,1,Existing,2,1,Urban,Yes,10000,5000,0,0,0.5,0,2520,18590.0,No
RentalLeasing,120,18,New,0,18,Urban,Unknown,1310000,982500,1,0,0.75,0,3600,19486.0,No
RentalLeasing,300,8,Existing,2,6,Urban,Unknown,571500,428625,0,1,0.75,0,9000,24886.0,No
RealEstateServices,84,5,Existing,0,5,Urban,Yes,5000,2500,0,0,0.5,0,2520,18406.0,No
RealEstateServices,300,2,Existing,0,2,Urban,Unknown,765000,573750,0,1,0.75,0,9000,24886.0,No
RentalLeasing,60,30,Existing,8,30,Urban,Unknown,150000,75000,0,0,0.5,1,1800,17748.0,No
RealEstateServices,300,70,Existing,13,57,Urban,Unknown,765000,573750,0,1,0.75,0,9000,24917.0,No
RealEstateServices,74,1,New,1,1,Unknown,Unknown,5000,4250,1,0,0.85,0,2220,18106.0,Yes
RentalLeasing,240,14,Existing,0,1,Rural,Unknown,136000,136000,0,1,1.0,0,7200,23193.0,No
RealEstateServices,83,1,Existing,1,1,Urban,Yes,30000,15000,0,0,0.5,0,2490,18407.0,No
RealEstateServices,36,1,Existing,0,1,Urban,Yes,25000,12500,0,0,0.5,0,1080,18246.0,No
RentalLeasing,58,2,Existing,0,2,Urban,No,50000,25000,0,0,0.5,1,1740,17626.0,Yes
RealEstateServices,54,1,Existing,5,1,Urban,Unknown,25000,12500,0,0,0.5,1,1620,17568.0,Yes
RealEstateLessors,300,4,Existing,4,4,Urban,Unknown,465000,348750,0,1,0.75,0,9000,24917.0,No
RentalLeasing,4,1,Existing,2,1,Urban,Yes,35000,17500,0,0,0.5,0,120,16037.0,Yes
RentalLeasing,300,12,Existing,2,12,Urban,Unknown,700000,525000,0,1,0.75,0,9000,24917.0,No
RentalLeasing,60,7,Existing,0,0,Unknown,No,58000,40600,0,0,0.7,0,1800,14338.0,No
RentalLeasing,120,4,Existing,2,4,Urban,Unknown,260000,195000,0,0,0.75,0,3600,19517.0,No
RentalLeasing,28,4,Existing,3,4,Urban,Unknown,150000,112500,0,0,0.75,0,840,16757.0,Yes
RentalLeasing,6,4,Existing,3,4,Urban,Unknown,100000,50000,0,0,0.5,0,180,16097.0,Yes
RealEstateServices,84,1,Existing,1,1,Rural,Yes,40000,20000,0,0,0.5,0,2520,18590.0,No
RealEstateServices,84,4,Existing,2,4,Urban,Yes,40000,20000,0,0,0.5,0,2520,20903.0,No
RentalLeasing,72,6,Existing,2,6,Urban,Unknown,150000,127500,0,0,0.85,1,2160,18077.0,No
RealEstateServices,61,1,Existing,2,1,Unknown,Unknown,5000,4250,0,0,0.85,1,1830,17716.0,Yes
RentalLeasing,84,1,Existing,0,1,Urban,Unknown,10000,5000,0,0,0.5,0,2520,18437.0,No
RealEstateServices,84,20,Existing,5,20,Urban,Yes,20000,10000,0,0,0.5,0,2520,18498.0,No
RealEstateLessors,300,2,Existing,0,0,Urban,No,1264600,948450,0,1,0.75,0,9000,24948.0,No
RealEstateServices,84,1,Existing,0,1,Urban,Yes,10000,5000,0,0,0.5,0,2520,18498.0,No
RentalLeasing,120,6,Existing,0,6,Urban,Unknown,335000,251250,0,0,0.75,0,3600,19578.0,No
RentalLeasing,84,2,Existing,25,2,Urban,Yes,21800,10900,0,0,0.5,0,2520,18437.0,No
RealEstateLessors,120,5,Existing,5,5,Urban,Unknown,200000,100000,0,0,0.5,0,3600,19517.0,No
RealEstateServices,300,21,Existing,0,21,Urban,Unknown,150000,127500,0,1,0.85,0,9000,24978.0,No
RentalLeasing,84,11,Existing,0,0,Unknown,No,750000,525000,0,0,0.7,0,2520,15058.0,No
RentalLeasing,60,2,Existing,0,2,Urban,Unknown,45000,22500,0,0,0.5,1,1800,17748.0,No
RentalLeasing,84,1,Existing,0,1,Urban,Yes,10000,5000,0,0,0.5,0,2520,18468.0,No
RentalLeasing,84,71,Existing,0,0,Urban,Unknown,500000,375000,0,0,0.75,0,2520,18559.0,No
RealEstateServices,23,2,Existing,5,7,Urban,Yes,25000,12500,0,0,0.5,0,690,16607.0,Yes
RentalLeasing,84,2,New,0,2,Urban,Yes,10000,5000,1,0,0.5,0,2520,18437.0,No
RealEstateServices,84,1,Existing,0,1,Unknown,Unknown,15000,12750,0,0,0.85,0,2520,18437.0,No
RentalLeasing,120,3,New,3,3,Urban,Unknown,340000,255000,1,0,0.75,0,3600,19730.0,No
RealEstateServices,84,1,Existing,0,1,Unknown,Unknown,6000,5100,0,0,0.85,0,2520,18437.0,No
RentalLeasing,60,1,Existing,0,1,Urban,Unknown,24000,12000,0,0,0.5,1,1800,17748.0,No
RentalLeasing,84,3,New,0,3,Urban,Yes,10000,5000,1,0,0.5,0,2520,18621.0,No
RentalLeasing,13,5,Existing,0,0,Unknown,No,275000,206250,0,0,0.75,0,390,12928.0,Yes
RentalLeasing,84,3,Existing,3,0,Urban,Unknown,666000,499500,0,0,0.75,0,2520,18468.0,No
RentalLeasing,60,15,Existing,0,15,Urban,Unknown,300000,225000,0,0,0.75,1,1800,17748.0,No
RealEstateServices,84,60,Existing,5,60,Urban,Yes,80000,40000,0,0,0.5,0,2520,18437.0,No
RentalLeasing,48,8,Existing,0,8,Urban,Unknown,100000,50000,0,0,0.5,1,1440,17510.0,No
RentalLeasing,120,2,Existing,0,2,Urban,Unknown,167000,125250,0,0,0.75,0,3600,19578.0,No
RealEstateServices,300,6,Existing,2,4,Urban,Unknown,297500,223125,0,1,0.75,0,9000,24948.0,No
RentalLeasing,25,1,Existing,0,1,Urban,Yes,50000,25000,0,0,0.5,0,750,16698.0,Yes
RealEstateServices,300,25,Existing,5,30,Urban,Unknown,603000,452250,0,1,0.75,0,9000,24978.0,No
RealEstateServices,84,15,Existing,0,0,Urban,Unknown,50000,42500,0,0,0.85,0,2520,18498.0,No
RentalLeasing,240,3,New,3,0,Urban,No,81000,81000,1,1,1.0,0,7200,23256.0,No
RealEstateServices,84,3,Existing,1,3,Urban,Yes,8600,4300,0,0,0.5,0,2520,18468.0,No
RealEstateServices,240,70,Existing,15,0,Urban,Unknown,768000,768000,0,1,1.0,0,7200,23403.0,No
RealEstateServices,240,3,Existing,6,0,Urban,Unknown,284000,284000,0,1,1.0,0,7200,23221.0,No
RentalLeasing,120,2,Existing,0,0,Urban,No,459000,344250,0,0,0.75,0,3600,19578.0,No
RealEstateServices,83,3,Existing,0,3,Urban,Yes,60000,30000,0,0,0.5,0,2490,18468.0,No
RealEstateServices,84,1,New,0,1,Urban,Unknown,5000,2500,1,0,0.5,0,2520,18468.0,No
RealEstateServices,120,3,Existing,0,3,Urban,Unknown,190000,142500,0,0,0.75,0,3600,19578.0,No
RealEstateServices,300,2,New,1,2,Urban,Unknown,307500,230625,1,1,0.75,0,9000,24978.0,No
RealEstateServices,82,5,Existing,0,2,Urban,Yes,50000,25000,0,0,0.5,0,2460,18438.0,No
RealEstateServices,300,4,New,2,4,Urban,Unknown,951000,713250,1,1,0.75,0,9000,24978.0,No
RentalLeasing,79,1,Existing,1,1,Unknown,Unknown,5000,4250,0,0,0.85,0,2370,18318.0,Yes
RealEstateServices,240,6,Existing,5,0,Urban,No,502000,502000,0,1,1.0,0,7200,23284.0,No
RealEstateServices,240,2,Existing,1,0,Urban,Unknown,136000,136000,0,1,1.0,0,7200,23221.0,No
RentalLeasing,84,11,Existing,2,11,Urban,Unknown,50000,25000,0,0,0.5,0,2520,18529.0,No
RentalLeasing,87,1,Existing,0,1,Urban,Unknown,162000,121500,0,0,0.75,0,2610,18588.0,No
RealEstateServices,30,1,Existing,0,1,Urban,Unknown,15000,7500,0,0,0.5,0,900,16878.0,Yes
RealEstateServices,84,2,Existing,0,2,Urban,Yes,50000,25000,0,0,0.5,0,2520,19564.0,No
RentalLeasing,84,2,Existing,0,2,Urban,Yes,10000,5000,0,0,0.5,0,2520,18498.0,No
RealEstateServices,84,2,Existing,0,2,Urban,Yes,60000,30000,0,0,0.5,0,2520,18681.0,No
RentalLeasing,84,1,Existing,0,1,Rural,Yes,14300,7150,0,0,0.5,0,2520,18498.0,No
RentalLeasing,27,1,Existing,0,1,Rural,Yes,15000,7500,0,0,0.5,0,810,16849.0,Yes
RealEstateServices,300,10,Existing,0,10,Urban,Unknown,640000,480000,0,1,0.75,0,9000,24978.0,No
RentalLeasing,240,15,New,15,0,Urban,No,517000,517000,1,1,1.0,0,7200,23438.0,No
RentalLeasing,84,2,Existing,0,2,Urban,Yes,33000,16500,0,0,0.5,0,2520,18498.0,No
RealEstateServices,84,1,Existing,1,1,Urban,Yes,50000,25000,0,0,0.5,0,2520,18650.0,No
RealEstateServices,240,13,Unknown,13,12,Urban,No,904000,904000,0,1,1.0,0,7200,23529.0,No
RentalLeasing,240,4,Existing,2,0,Urban,Unknown,395000,395000,0,1,1.0,0,7200,23284.0,No
RealEstateServices,84,1,Existing,0,1,Urban,Unknown,25000,12500,0,0,0.5,0,2520,18529.0,No
RealEstateServices,240,4,Existing,4,0,Urban,No,936000,936000,0,1,1.0,0,7200,23256.0,No
RealEstateServices,300,4,Existing,0,4,Urban,Unknown,110000,93500,0,1,0.85,0,9000,25009.0,No
RentalLeasing,51,6,Existing,0,6,Urban,Unknown,50000,25000,0,0,0.5,1,1530,17539.0,Yes
RealEstateServices,300,7,Existing,0,7,Urban,Unknown,250000,187500,0,1,0.75,0,9000,25009.0,No
RealEstateServices,63,5,Existing,1,5,Urban,No,50000,25000,0,0,0.5,1,1890,17899.0,Yes
RealEstateServices,300,4,Existing,4,0,Urban,Unknown,135000,114750,0,1,0.85,0,9000,25039.0,No
RealEstateServices,300,1,Existing,1,2,Urban,Unknown,700000,525000,0,1,0.75,0,9000,25009.0,No
RealEstateServices,8,10,Existing,3,10,Urban,Yes,50000,25000,0,0,0.5,0,240,16310.0,Yes
RentalLeasing,84,2,Existing,0,2,Urban,Yes,35000,17500,0,0,0.5,0,2520,18529.0,No
RealEstateServices,300,1,Existing,2,1,Urban,Unknown,337000,252750,0,1,0.75,0,9000,25039.0,No
RealEstateServices,300,7,Existing,1,7,Urban,Unknown,1530000,999992,0,1,0.653589543,0,9000,25101.0,No
RealEstateServices,84,3,Existing,0,3,Urban,Yes,50000,25000,0,0,0.5,0,2520,18529.0,No
RealEstateServices,300,1,Existing,1,1,Urban,Unknown,460000,345000,0,1,0.75,0,9000,25039.0,No
RealEstateServices,31,3,Existing,0,3,Urban,Yes,50000,25000,0,0,0.5,0,930,16939.0,Yes
RealEstateServices,84,4,Existing,5,4,Urban,Unknown,57100,28550,0,0,0.5,0,2520,18529.0,No
RentalLeasing,84,3,Existing,1,3,Urban,Unknown,35000,17500,0,0,0.5,0,2520,18590.0,No
RealEstateServices,54,3,Existing,0,3,Urban,Unknown,10000,5000,0,0,0.5,1,1620,17659.0,Yes
RentalLeasing,50,5,Existing,0,5,Urban,Yes,25000,12500,0,0,0.5,1,1500,17539.0,Yes
RentalLeasing,84,12,New,0,12,Urban,Yes,10000,5000,1,0,0.5,0,2520,18590.0,No
RealEstateServices,57,3,Existing,1,3,Urban,No,50000,25000,0,0,0.5,1,1710,17749.0,Yes
RealEstateServices,240,244,Existing,63,244,Urban,No,907000,907000,0,1,1.0,0,7200,23312.0,No
RentalLeasing,120,4,Existing,0,0,Urban,No,150000,127500,0,0,0.85,0,3600,19670.0,No
RealEstateServices,240,90,Existing,18,0,Urban,No,275000,275000,0,1,1.0,0,7200,23284.0,No
RentalLeasing,300,10,Existing,0,10,Urban,Unknown,462000,346500,0,1,0.75,0,9000,25070.0,No
RealEstateServices,240,20,Existing,20,0,Urban,Unknown,680000,680000,0,1,1.0,0,7200,23403.0,No
RealEstateServices,240,50,Existing,12,0,Urban,Unknown,362000,362000,0,1,1.0,0,7200,23375.0,No
RentalLeasing,84,3,Existing,0,3,Urban,Yes,6000,3000,0,0,0.5,0,2520,18742.0,No
RealEstateServices,20,2,Existing,0,2,Urban,No,25500,12750,0,0,0.5,0,600,16670.0,Yes
RealEstateServices,11,2,Existing,0,2,Rural,Yes,20000,10000,0,0,0.5,0,330,16400.0,Yes
RealEstateServices,84,1,Existing,0,1,Urban,Yes,10000,5000,0,0,0.5,0,2520,18650.0,No
RentalLeasing,120,10,Existing,2,0,Urban,Unknown,208000,156000,0,0,0.75,0,3600,19670.0,No
RentalLeasing,84,5,Existing,2,5,Urban,Yes,30000,15000,0,0,0.5,0,2520,18864.0,No
RentalLeasing,120,2,Existing,0,0,Unknown,No,65000,58500,0,0,0.9,0,3600,16230.0,No
RentalLeasing,12,9,Existing,0,9,Urban,Unknown,100000,50000,0,0,0.5,0,360,16430.0,No
RentalLeasing,60,2,Existing,0,2,Urban,Unknown,135000,67500,0,0,0.5,1,1800,17901.0,No
RealEstateServices,108,6,Existing,0,0,Urban,No,300000,225000,0,0,0.75,0,3240,19310.0,Yes
RentalLeasing,29,9,Existing,0,9,Urban,Yes,50000,25000,0,0,0.5,0,870,16940.0,Yes
RealEstateServices,59,8,Existing,0,8,Urban,Unknown,47800,23900,0,0,0.5,1,1770,17871.0,Yes
RentalLeasing,84,1,Existing,5,1,Urban,Yes,45000,22500,0,0,0.5,0,2520,18681.0,No
RealEstateServices,34,1,Existing,1,1,Urban,Unknown,6000,3000,0,0,0.5,0,1020,17121.0,Yes
RealEstateServices,84,15,Existing,0,15,Urban,Yes,35000,17500,0,0,0.5,0,2520,18650.0,No
RealEstateServices,22,4,Existing,2,4,Urban,Yes,45000,22500,0,0,0.5,0,660,16761.0,Yes
RentalLeasing,300,5,Existing,0,5,Urban,Unknown,450000,337500,0,1,0.75,0,9000,25130.0,No
RealEstateLessors,300,7,Existing,3,11,Urban,Unknown,1385000,999997,0,1,0.722019495,0,9000,25130.0,No
RentalLeasing,240,75,Existing,25,75,Urban,No,1000000,1000000,0,1,1.0,0,7200,23529.0,No
RealEstateServices,84,8,Existing,2,8,Urban,Yes,30000,15000,0,0,0.5,0,2520,18621.0,No
RealEstateServices,17,1,Existing,0,1,Urban,Yes,10000,5000,0,0,0.5,0,510,16611.0,Yes
RealEstateServices,28,1,Existing,0,1,Urban,Yes,10000,5000,0,0,0.5,0,840,16941.0,Yes
RealEstateServices,55,2,Existing,0,2,Urban,Yes,37000,18500,0,0,0.5,1,1650,17751.0,Yes
RealEstateServices,240,9,Existing,9,9,Urban,No,1300000,1300000,0,1,1.0,0,7200,23375.0,No
RentalLeasing,20,6,Existing,0,6,Urban,No,50000,25000,0,0,0.5,0,600,16761.0,Yes
RentalLeasing,106,10,Existing,0,0,Urban,Unknown,150000,127500,0,0,0.85,0,3180,19281.0,Yes
RealEstateServices,84,1,Existing,0,1,Urban,Unknown,35000,17500,0,0,0.5,0,2520,18650.0,No
RentalLeasing,205,3,Existing,1,3,Urban,Unknown,150000,127500,0,0,0.85,0,6150,22311.0,No
RealEstateServices,240,34,Existing,14,0,Urban,Unknown,589000,589000,0,1,1.0,0,7200,23494.0,No
RealEstateServices,37,3,Existing,0,3,Urban,Unknown,18000,9000,0,0,0.5,0,1110,17240.0,Yes
RentalLeasing,120,2,New,0,0,Unknown,No,25000,22500,1,0,0.9,0,3600,16322.0,No
RealEstateServices,300,12,Existing,0,12,Urban,Unknown,477000,357750,0,1,0.75,0,9000,25161.0,No
RealEstateServices,31,1,Existing,0,1,Urban,Unknown,17000,8500,0,0,0.5,0,930,17060.0,Yes
RentalLeasing,84,2,Existing,0,2,Urban,Unknown,150000,75000,0,0,0.5,0,2520,18650.0,No
Other,71,2,Existing,0,2,Urban,Yes,50100,25050,0,0,0.5,0,2130,18260.0,No
RentalLeasing,60,8,Existing,0,0,Unknown,No,250000,212500,0,0,0.85,0,1800,14430.0,No
RealEstateServices,84,3,Existing,0,3,Urban,Unknown,50000,25000,0,0,0.5,0,2520,18681.0,No
RentalLeasing,300,10,Existing,0,0,Unknown,No,426000,298200,0,1,0.7,0,9000,21630.0,No
RealEstateServices,240,107,Existing,0,1,Urban,Unknown,620000,620000,0,1,1.0,0,7200,23494.0,No
RentalLeasing,40,2,Existing,2,2,Unknown,Unknown,5000,4250,0,0,0.85,0,1200,17330.0,Yes
RentalLeasing,240,4,Existing,6,0,Urban,Unknown,207000,207000,0,1,1.0,0,7200,23466.0,No
RealEstateServices,25,2,Existing,1,2,Urban,Yes,100000,50000,0,0,0.5,0,750,16880.0,Yes
RentalLeasing,84,2,Existing,0,2,Urban,Yes,10000,5000,0,0,0.5,0,2520,18681.0,No
RealEstateServices,240,1,Existing,4,1,Urban,No,176000,176000,0,1,1.0,0,7200,23438.0,No
RentalLeasing,84,2,Existing,1,2,Unknown,Unknown,5000,4250,0,0,0.85,0,2520,18650.0,No
RentalLeasing,240,85,Existing,15,85,Urban,Unknown,1300000,1300000,0,1,1.0,0,7200,23466.0,No
RealEstateServices,240,6,Existing,2,6,Urban,Unknown,517000,517000,0,1,1.0,0,7200,23403.0,No
RealEstateServices,120,3,Existing,0,3,Urban,Unknown,301500,226125,0,0,0.75,0,3600,19883.0,No
RentalLeasing,60,1,Existing,1,1,Urban,Unknown,25000,12500,0,0,0.5,1,1800,17961.0,No
RealEstateServices,33,1,Existing,0,1,Urban,Yes,10000,5000,0,0,0.5,0,990,17242.0,No
RealEstateServices,45,8,Existing,0,8,Urban,Unknown,312000,234000,0,0,0.75,1,1350,17511.0,Yes
RealEstateServices,12,2,Existing,0,2,Urban,Yes,75000,37500,0,0,0.5,0,360,16521.0,No
RealEstateServices,17,3,Existing,2,3,Urban,No,50000,25000,0,0,0.5,0,510,16671.0,Yes
RentalLeasing,84,2,Existing,0,2,Urban,Yes,37000,18500,0,0,0.5,0,2520,18711.0,No
RealEstateLessors,84,11,Existing,0,11,Urban,Yes,150000,75000,0,0,0.5,0,2520,18681.0,No
RealEstateServices,300,3,Existing,0,3,Urban,Unknown,750000,562500,0,1,0.75,0,9000,25161.0,No
RealEstateLessors,240,7,Existing,4,0,Urban,Unknown,824000,824000,0,1,1.0,0,7200,23466.0,No
RealEstateServices,240,18,Existing,10,0,Urban,Unknown,931000,931000,0,1,1.0,0,7200,23438.0,No
RealEstateServices,260,1,Existing,0,1,Urban,Unknown,550100,412575,0,1,0.75,0,7800,23991.0,No
RentalLeasing,84,2,New,0,0,Urban,No,85000,72250,1,0,0.85,0,2520,18681.0,No
RealEstateServices,216,3,Existing,0,3,Urban,Unknown,472500,354375,0,0,0.75,0,6480,22671.0,Yes
RealEstateServices,84,1,Existing,1,1,Urban,Yes,50000,25000,0,0,0.5,0,2520,18711.0,No
RealEstateServices,72,1,Existing,0,1,Urban,Yes,15000,7500,0,0,0.5,0,2160,19051.0,No
RentalLeasing,96,19,Existing,0,0,Urban,Unknown,150000,127500,0,0,0.85,0,2880,19071.0,No
RealEstateServices,84,1,Existing,0,1,Urban,Yes,5000,2500,0,0,0.5,0,2520,18711.0,No
RentalLeasing,84,6,Existing,1,6,Urban,Unknown,50000,25000,0,0,0.5,0,2520,18711.0,No
RealEstateServices,82,2,Existing,0,2,Urban,Yes,25000,12500,0,0,0.5,0,2460,18651.0,No
RealEstateServices,240,6,New,5,5,Urban,No,175000,175000,1,1,1.0,0,7200,23438.0,No
RentalLeasing,240,2,Existing,6,0,Urban,Unknown,721000,721000,0,1,1.0,0,7200,23494.0,No
RealEstateServices,84,1,Existing,0,1,Urban,Yes,10000,5000,0,0,0.5,0,2520,18711.0,No
RealEstateServices,84,4,Existing,0,4,Rural,Unknown,25000,12500,0,0,0.5,0,2520,18711.0,No
RealEstateServices,8,3,Existing,1,3,Urban,Yes,85000,42500,0,0,0.5,0,240,16554.0,Yes
RentalLeasing,120,6,Existing,0,6,Urban,Unknown,252000,189000,0,0,0.75,0,3600,19822.0,No
RealEstateServices,294,3,Existing,3,3,Urban,Unknown,270000,202500,0,1,0.75,0,8820,25011.0,No
RealEstateServices,84,19,Existing,0,19,Urban,Yes,23000,11500,0,0,0.5,0,2520,18711.0,No
RentalLeasing,120,8,Existing,0,8,Urban,Unknown,700000,525000,0,0,0.75,0,3600,19822.0,No
RealEstateServices,300,6,Existing,0,6,Urban,Unknown,187500,140625,0,1,0.75,0,9000,25222.0,No
RentalLeasing,84,20,Existing,3,20,Urban,Yes,25000,12500,0,0,0.5,0,2520,18711.0,No
RealEstateServices,240,20,Existing,10,0,Urban,No,372000,372000,0,1,1.0,0,7200,23466.0,No
RentalLeasing,120,3,Existing,0,0,Urban,No,75000,63750,0,0,0.85,0,3600,19822.0,No
RentalLeasing,84,7,Existing,1,7,Urban,Yes,100000,50000,0,0,0.5,0,2520,18772.0,No
RealEstateServices,32,5,Existing,5,10,Urban,Unknown,13200,6600,0,0,0.5,0,960,17151.0,Yes
RealEstateServices,36,4,Existing,0,4,Urban,Yes,10000,5000,0,0,0.5,0,1080,17271.0,Yes
RealEstateServices,84,1,Existing,0,1,Urban,Yes,10000,5000,0,0,0.5,0,2520,18742.0,No
RealEstateServices,300,4,Existing,2,4,Urban,Unknown,140000,119000,0,1,0.85,0,9000,25222.0,No
RealEstateServices,240,600,Existing,100,0,Urban,Unknown,757000,757000,0,1,1.0,0,7200,23529.0,No
RealEstateServices,36,2,Existing,5,2,Urban,Yes,45000,22500,0,0,0.5,0,1080,17302.0,Yes
RealEstateServices,240,3,Existing,27,0,Urban,Unknown,1001000,1001000,0,1,1.0,0,7200,23767.0,No
RealEstateLessors,300,12,Existing,4,12,Urban,Unknown,314300,235725,0,1,0.75,0,9000,25222.0,No
RealEstateServices,240,9,Existing,11,0,Urban,Unknown,249000,249000,0,1,1.0,0,7200,23592.0,No
RentalLeasing,60,2,Existing,1,2,Urban,Unknown,100000,50000,0,0,0.5,1,1800,18052.0,No
RentalLeasing,84,3,Existing,0,3,Urban,Yes,85000,42500,0,0,0.5,0,2520,18742.0,No
RealEstateServices,58,5,Existing,0,5,Urban,No,50000,25000,0,0,0.5,1,1740,17962.0,Yes
RealEstateServices,56,1,Existing,0,1,Urban,Unknown,25000,12500,0,0,0.5,1,1680,17932.0,Yes
RentalLeasing,84,5,Existing,0,5,Urban,Yes,50000,25000,0,0,0.5,0,2520,18742.0,No
RentalLeasing,36,26,Existing,6,26,Urban,Yes,40000,20000,0,0,0.5,0,1080,17363.0,No
RealEstateServices,27,1,Existing,0,1,Urban,No,10000,5000,0,0,0.5,0,810,17215.0,Yes
RealEstateServices,52,5,Existing,0,5,Urban,Yes,50000,25000,0,0,0.5,1,1560,17782.0,Yes
RealEstateServices,84,10,Existing,0,10,Urban,Yes,50000,25000,0,0,0.5,0,2520,18742.0,No
RealEstateServices,240,110,Existing,5,0,Urban,Unknown,1132000,1132000,0,1,1.0,0,7200,23494.0,No
RealEstateServices,84,1,Existing,0,1,Urban,Yes,6000,3000,0,0,0.5,0,2520,18925.0,No
RealEstateServices,300,2,Existing,2,4,Urban,Unknown,500000,375000,0,1,0.75,0,9000,25252.0,No
RentalLeasing,300,14,Existing,0,14,Urban,Unknown,810000,607500,0,1,0.75,0,9000,25222.0,No
RealEstateServices,84,1,Existing,0,1,Urban,Yes,5000,2500,0,0,0.5,0,2520,18864.0,No
RentalLeasing,84,3,Existing,0,3,Urban,Yes,50000,25000,0,0,0.5,0,2520,18864.0,No
RealEstateServices,300,2,Existing,4,2,Urban,Unknown,902000,676500,0,1,0.75,0,9000,25252.0,No
RealEstateServices,300,6,Existing,0,6,Urban,Unknown,924000,693000,0,1,0.75,0,9000,25222.0,No
RentalLeasing,240,4,Existing,0,4,Urban,Unknown,523000,392250,0,1,0.75,0,7200,23514.0,No
RealEstateLessors,300,1,New,0,0,Urban,Unknown,480200,360150,1,1,0.75,0,9000,25222.0,No
RealEstateServices,1,10,Existing,1,11,Urban,Yes,85000,42500,0,0,0.5,0,30,16374.0,Yes
RentalLeasing,82,4,Existing,0,4,Urban,Yes,35000,17500,0,0,0.5,0,2460,18743.0,No
RealEstateServices,208,2,Existing,0,2,Urban,Unknown,420000,315000,0,0,0.75,0,6240,22492.0,Yes
RentalLeasing,60,3,Existing,0,3,Urban,Yes,80000,40000,0,0,0.5,1,1800,18052.0,No
RealEstateServices,300,10,Existing,0,10,Urban,Unknown,567000,425250,0,1,0.75,0,9000,25252.0,No
RentalLeasing,300,3,Existing,3,6,Urban,Unknown,371000,278250,0,1,0.75,0,9000,25252.0,No
RentalLeasing,84,2,Existing,0,2,Urban,Yes,50000,25000,0,0,0.5,0,2520,18834.0,No
RealEstateServices,84,4,Existing,0,4,Urban,Yes,50000,25000,0,0,0.5,0,2520,18772.0,No
RentalLeasing,19,2,Existing,0,2,Urban,Yes,60000,30000,0,0,0.5,0,570,16822.0,Yes
RealEstateServices,240,5,Existing,2,5,Urban,No,527000,527000,0,1,1.0,0,7200,24047.0,No
RealEstateServices,38,8,Existing,0,8,Urban,No,50000,25000,0,0,0.5,1,1140,17545.0,Yes
RealEstateServices,240,11,Existing,4,0,Urban,Unknown,425000,425000,0,1,1.0,0,7200,23529.0,No
RentalLeasing,84,3,Existing,0,3,Urban,Yes,45000,22500,0,0,0.5,0,2520,18956.0,No
RealEstateServices,300,25,Existing,0,25,Urban,Unknown,539100,404325,0,1,0.75,0,9000,25252.0,No
RentalLeasing,1,6,Existing,0,6,Rural,Unknown,25000,12500,0,0,0.5,0,30,16405.0,Yes
RealEstateServices,84,2,New,0,2,Urban,Yes,10000,5000,1,0,0.5,0,2520,18925.0,No
RealEstateServices,120,8,Existing,4,12,Urban,Unknown,309000,231750,0,0,0.75,0,3600,19852.0,No
RealEstateServices,240,1,Existing,3,0,Urban,Unknown,249000,249000,0,1,1.0,0,7200,23494.0,No
RealEstateServices,300,15,Existing,3,15,Urban,Unknown,1467000,1100250,0,1,0.75,0,9000,25252.0,No
RealEstateLessors,217,4,Existing,2,2,Urban,Unknown,1656500,1242375,0,0,0.75,0,6510,22762.0,Yes
RealEstateServices,300,2,Existing,8,2,Urban,Unknown,1080000,810000,0,1,0.75,0,9000,25252.0,No
RealEstateServices,84,14,Existing,4,14,Urban,Yes,100000,50000,0,0,0.5,0,2520,18772.0,No
RealEstateServices,59,58,Existing,2,7,Urban,Yes,40000,20000,0,0,0.5,0,1770,18084.0,No
RentalLeasing,300,20,Existing,0,20,Urban,Unknown,1423700,1067775,0,1,0.75,0,9000,25283.0,No
RealEstateServices,38,1,Existing,0,1,Urban,Unknown,50000,25000,0,0,0.5,0,1140,17392.0,Yes
RealEstateLessors,120,39,Existing,0,39,Urban,Unknown,269200,201900,0,0,0.75,0,3600,19852.0,No
RentalLeasing,84,1,Existing,0,1,Urban,Unknown,160000,80000,0,0,0.5,0,2520,18772.0,No
RealEstateServices,240,40,Existing,25,0,Urban,No,1300000,1300000,0,1,1.0,0,7200,23557.0,No
RealEstateLessors,120,15,Existing,0,0,Urban,No,1030100,515050,0,0,0.5,0,3600,20005.0,No
RentalLeasing,300,11,Existing,0,11,Urban,Unknown,144000,122400,0,1,0.85,0,9000,25283.0,No
RealEstateServices,240,7,Existing,3,0,Urban,Unknown,305000,305000,0,1,1.0,0,7200,23620.0,No
RentalLeasing,60,2,Existing,0,2,Urban,Unknown,60000,30000,0,0,0.5,0,1800,18083.0,No
RealEstateServices,84,7,Existing,0,7,Urban,Yes,10000,5000,0,0,0.5,0,2520,18956.0,No
RealEstateServices,41,12,Existing,0,12,Urban,Yes,100000,50000,0,0,0.5,1,1230,17513.0,Yes
RentalLeasing,84,2,Existing,0,2,Urban,Yes,50000,25000,0,0,0.5,0,2520,18925.0,No
RentalLeasing,300,8,Existing,0,8,Urban,Unknown,461000,345750,0,1,0.75,0,9000,25283.0,No
RealEstateServices,36,2,Existing,0,2,Urban,Yes,50000,25000,0,0,0.5,1,1080,17759.0,No
RealEstateServices,84,1,Existing,0,1,Urban,Yes,10500,5250,0,0,0.5,0,2520,19046.0,No
RealEstateServices,84,1,Existing,1,1,Urban,Yes,37000,18500,0,0,0.5,0,2520,18803.0,No
RealEstateServices,240,11,Existing,4,0,Urban,Unknown,269000,269000,0,1,1.0,0,7200,23529.0,No
RentalLeasing,36,1,Existing,0,1,Urban,Yes,30000,15000,0,0,0.5,0,1080,17455.0,No
RealEstateServices,84,4,Existing,3,1,Urban,Yes,10000,5000,0,0,0.5,0,2520,18987.0,No
RentalLeasing,120,11,Existing,0,0,Urban,No,463500,347625,0,0,0.75,0,3600,19975.0,No
RentalLeasing,120,5,Existing,0,0,Unknown,No,110000,99000,0,0,0.9,0,3600,16414.0,No
RealEstateServices,27,1,Existing,0,1,Urban,No,10000,5000,0,0,0.5,0,810,17215.0,Yes
RealEstateServices,84,2,Existing,0,2,Urban,Unknown,50000,25000,0,0,0.5,0,2520,18895.0,No
RealEstateServices,22,10,Existing,5,15,Urban,Yes,70000,35000,0,0,0.5,0,660,16974.0,Yes
RentalLeasing,84,1,Existing,0,1,Urban,Yes,10000,5000,0,0,0.5,0,2520,18834.0,No
RealEstateServices,16,1,Existing,0,1,Urban,Yes,20000,10000,0,0,0.5,0,480,16794.0,Yes
RealEstateLessors,240,130,Existing,25,130,Urban,No,536000,536000,0,1,1.0,0,7200,24012.0,No
RealEstateServices,300,3,Existing,0,3,Urban,Unknown,429000,321750,0,1,0.75,0,9000,25283.0,No
RentalLeasing,84,7,Existing,0,7,Urban,Yes,50000,25000,0,0,0.5,0,2520,18834.0,No
RealEstateServices,29,1,Existing,0,1,Urban,Unknown,50000,25000,0,0,0.5,0,870,17275.0,Yes
RentalLeasing,67,4,Existing,0,4,Urban,Unknown,50000,25000,0,0,0.5,0,2010,18324.0,Yes
RealEstateServices,12,4,Existing,0,4,Urban,Yes,65000,32500,0,0,0.5,0,360,16674.0,No
RentalLeasing,60,3,Existing,0,3,Urban,Yes,70000,35000,0,0,0.5,0,1800,18114.0,No
RentalLeasing,84,2,Existing,3,5,Rural,Unknown,250000,187500,0,0,0.75,0,2520,18834.0,No
RealEstateServices,300,6,Existing,0,0,Rural,Unknown,130000,110500,0,1,0.85,0,9000,25344.0,No
RealEstateServices,240,30,Existing,10,0,Urban,No,536000,536000,0,1,1.0,0,7200,23648.0,No
RentalLeasing,77,2,Existing,3,5,Rural,Yes,100000,50000,0,0,0.5,0,2310,18836.0,No
RentalLeasing,84,1,Existing,3,1,Urban,Unknown,5000,2500,0,0,0.5,0,2520,18834.0,No
RentalLeasing,60,2,Existing,1,1,Urban,Unknown,40000,20000,0,0,0.5,0,1800,18236.0,No
RealEstateServices,300,5,Existing,0,5,Urban,Unknown,621000,465750,0,1,0.75,0,9000,25314.0,No
RealEstateLessors,192,6,Existing,0,6,Urban,Unknown,195000,146250,0,0,0.75,0,5760,22135.0,No
RealEstateServices,84,5,Existing,1,5,Urban,Yes,50000,25000,0,0,0.5,0,2520,18864.0,No
RentalLeasing,84,4,Existing,0,0,Unknown,No,45000,40500,0,0,0.9,0,2520,15334.0,No
RentalLeasing,300,22,Existing,0,0,Unknown,No,273000,191100,0,1,0.7,0,9000,21814.0,No
RentalLeasing,85,25,Existing,0,25,Urban,Unknown,1340000,1005000,0,0,0.75,0,2550,18894.0,No
RentalLeasing,300,8,Existing,0,0,Unknown,No,1000000,700000,0,1,0.7,0,9000,21814.0,No
RealEstateServices,300,20,Existing,19,1,Urban,Unknown,1899500,1424625,0,1,0.75,0,9000,25375.0,No
RentalLeasing,84,2,Existing,5,7,Urban,Yes,98000,49000,0,0,0.5,0,2520,18834.0,No
RealEstateServices,84,2,Existing,0,2,Urban,Yes,40000,20000,0,0,0.5,0,2520,19046.0,No
RealEstateServices,240,12,Existing,6,0,Urban,Unknown,310000,310000,0,1,1.0,0,7200,23557.0,No
RealEstateServices,33,12,Existing,2,12,Urban,Unknown,50000,25000,0,0,0.5,0,990,17485.0,Yes
RentalLeasing,60,2,Existing,0,2,Urban,Yes,50000,25000,0,0,0.5,0,1800,18144.0,No
RealEstateServices,41,6,Existing,2,6,Rural,Yes,63000,31500,0,0,0.5,1,1230,17574.0,Yes
RealEstateServices,300,17,Existing,0,17,Urban,Unknown,1340000,1005000,0,1,0.75,0,9000,25344.0,No
RentalLeasing,84,1,Existing,0,1,Urban,Yes,15000,7500,0,0,0.5,0,2520,18864.0,No
RentalLeasing,300,16,Existing,4,12,Urban,Unknown,675000,506250,0,1,0.75,0,9000,25375.0,No
RealEstateServices,300,11,Existing,0,0,Urban,No,294000,220500,0,1,0.75,0,9000,25405.0,No
RentalLeasing,300,8,Existing,0,0,Unknown,No,401000,300750,0,1,0.75,0,9000,21814.0,No
RentalLeasing,300,1,Existing,0,1,Urban,Unknown,302400,226800,0,1,0.75,0,9000,25375.0,No
RealEstateServices,240,3,Existing,5,0,Urban,Unknown,208000,208000,0,1,1.0,0,7200,23767.0,No
RentalLeasing,36,1,Existing,1,2,Urban,Yes,25000,12500,0,0,0.5,0,1080,17485.0,No
RealEstateServices,84,1,Existing,0,1,Urban,Yes,20000,10000,0,0,0.5,0,2520,18987.0,No
RentalLeasing,300,11,Existing,0,11,Urban,Unknown,450000,225000,0,1,0.5,0,9000,25344.0,No
RealEstateServices,240,4,Existing,2,0,Urban,Unknown,661000,661000,0,1,1.0,0,7200,23865.0,No
RealEstateServices,240,20,Existing,5,20,Urban,Unknown,665000,665000,0,1,1.0,0,7200,24257.0,No
RentalLeasing,48,3,Existing,0,0,Unknown,No,45000,40500,0,0,0.9,0,1440,14343.0,No
RealEstateServices,240,8,Existing,8,0,Urban,No,505000,505000,0,1,1.0,0,7200,23620.0,No
RentalLeasing,36,1,Existing,0,1,Urban,Yes,30000,15000,0,0,0.5,0,1080,17424.0,No
RentalLeasing,300,2,Existing,0,0,Unknown,No,500000,350000,0,1,0.7,0,9000,21814.0,No
RentalLeasing,82,1,Existing,0,1,Urban,Yes,25000,12500,0,0,0.5,0,2460,18835.0,No
RentalLeasing,12,2,Existing,2,2,Urban,Yes,100000,50000,0,0,0.5,0,360,16735.0,No
RentalLeasing,300,3,Existing,0,0,Urban,No,675000,506250,0,1,0.75,0,9000,25375.0,No
RentalLeasing,84,35,Existing,0,0,Unknown,No,100000,90000,0,0,0.9,0,2520,15334.0,No
RentalLeasing,120,5,Existing,0,5,Urban,Unknown,200000,150000,0,0,0.75,0,3600,19975.0,No
RentalLeasing,60,3,New,0,3,Urban,Unknown,130000,65000,1,0,0.5,0,1800,18205.0,No
RentalLeasing,129,3,Existing,0,3,Urban,Unknown,410000,307500,0,0,0.75,0,3870,20337.0,Yes
RentalLeasing,84,7,Existing,2,7,Urban,Unknown,50000,25000,0,0,0.5,0,2520,18925.0,No
RealEstateServices,84,1,Existing,1,1,Urban,Unknown,35000,17500,0,0,0.5,0,2520,18956.0,No
RealEstateServices,300,7,Existing,4,3,Urban,Unknown,403700,302775,0,1,0.75,0,9000,25436.0,No
RealEstateServices,87,1,New,0,0,Urban,Unknown,100000,85000,1,0,0.85,0,2610,19015.0,Yes
RentalLeasing,24,3,Existing,3,3,Urban,Yes,100000,50000,0,0,0.5,0,720,17156.0,No
RealEstateServices,300,5,Existing,5,10,Urban,Unknown,640000,480000,0,1,0.75,0,9000,25375.0,No
RealEstateLessors,38,2,Existing,1,3,Urban,Yes,40000,20000,0,0,0.5,1,1140,17576.0,Yes
RentalLeasing,60,6,Existing,0,0,Unknown,No,100000,90000,0,0,0.9,0,1800,14614.0,No
RentalLeasing,120,2,New,12,2,Urban,Unknown,131000,111350,1,0,0.85,0,3600,20005.0,No
RentalLeasing,36,1,Existing,0,1,Urban,Yes,45000,22500,0,0,0.5,0,1080,17485.0,No
RealEstateServices,270,6,New,0,0,Rural,No,336000,252000,1,1,0.75,0,8100,24595.0,No
RealEstateLessors,240,5,Existing,4,5,Urban,Unknown,186000,186000,0,1,1.0,0,7200,23683.0,No
RentalLeasing,60,2,Existing,2,4,Rural,Unknown,60000,30000,0,0,0.5,0,1800,18205.0,No
RealEstateServices,300,8,Existing,4,8,Urban,Unknown,652000,489000,0,1,0.75,0,9000,25405.0,No
RentalLeasing,84,1,Existing,0,1,Rural,Unknown,175000,131250,0,0,0.75,0,2520,18956.0,No
RealEstateServices,84,1,Existing,0,1,Urban,Yes,25000,12500,0,0,0.5,0,2520,18987.0,No
RealEstateServices,240,10,Existing,5,0,Urban,Unknown,239000,239000,0,1,1.0,0,7200,24047.0,No
RentalLeasing,60,9,Existing,1,1,Urban,Unknown,100000,50000,0,0,0.5,0,1800,18267.0,No
RealEstateServices,240,12,Existing,8,0,Urban,Unknown,1300000,1300000,0,1,1.0,0,7200,24656.0,No
RealEstateServices,240,1,Existing,2,0,Urban,Unknown,169000,169000,0,1,1.0,0,7200,23711.0,No
RentalLeasing,240,70,Existing,9,14,Unknown,No,456000,456000,0,1,1.0,0,7200,20484.0,No
RentalLeasing,84,1,Existing,1,1,Urban,Unknown,5000,4250,0,0,0.85,0,2520,18956.0,No
RentalLeasing,84,5,Existing,0,0,Unknown,No,100000,90000,0,0,0.9,0,2520,15515.0,No
RealEstateServices,240,195,Existing,20,0,Urban,Unknown,412000,412000,0,1,1.0,0,7200,23711.0,No
RealEstateServices,300,3,Existing,0,3,Urban,Unknown,549000,411750,0,1,0.75,0,9000,25436.0,No
RentalLeasing,59,2,Existing,2,2,Urban,Yes,50000,25000,0,0,0.5,0,1770,18265.0,No
RealEstateLessors,84,1,Existing,0,0,Unknown,No,63000,56700,0,0,0.9,0,2520,15515.0,No
RealEstateLessors,300,2,Existing,0,2,Urban,Unknown,1440000,1080000,0,1,0.75,0,9000,25436.0,No
RealEstateServices,240,535,Existing,0,535,Urban,Unknown,549000,549000,0,1,1.0,0,7200,23739.0,No
RentalLeasing,82,9,Existing,1,10,Urban,Yes,100000,50000,0,0,0.5,0,2460,18927.0,No
RentalLeasing,300,20,Existing,0,0,Unknown,No,244836,183627,0,1,0.75,0,9000,22087.0,No
RentalLeasing,120,15,Existing,0,0,Unknown,No,221164,187989,0,0,0.849998191,0,3600,16687.0,No
RentalLeasing,300,3,Existing,0,0,Unknown,Unknown,156000,109200,0,1,0.7,0,9000,21995.0,No
RentalLeasing,8,4,Existing,4,4,Urban,Unknown,100000,50000,0,0,0.5,0,240,16766.0,Yes
RealEstateServices,84,4,Existing,0,0,Urban,Yes,20000,10000,0,0,0.5,0,2520,19137.0,No
RealEstateServices,300,15,Existing,1,14,Urban,Unknown,639000,479250,0,1,0.75,0,9000,25467.0,No
RealEstateServices,84,5,Existing,0,0,Rural,Unknown,100000,85000,0,0,0.85,0,2520,19015.0,No
RentalLeasing,120,2,Existing,0,0,Urban,No,253000,189750,0,0,0.75,0,3600,20126.0,No
RentalLeasing,84,3,Existing,0,0,Unknown,No,96000,86400,0,0,0.9,0,2520,15515.0,No
RealEstateServices,300,2,Existing,1,3,Urban,Unknown,178000,133500,0,1,0.75,0,9000,25556.0,No
RealEstateServices,84,1,New,0,0,Urban,Yes,10000,5000,1,0,0.5,0,2520,18987.0,No
RentalLeasing,84,8,New,0,0,Unknown,No,50000,45000,1,0,0.9,0,2520,15515.0,No
RentalLeasing,300,6,Existing,0,0,Unknown,No,185000,138750,0,1,0.75,0,9000,22087.0,No
RealEstateLessors,240,13,Existing,9,4,Unknown,No,105000,105000,0,1,1.0,0,7200,20449.0,No
RealEstateServices,240,220,Existing,1,220,Urban,Unknown,667000,667000,0,1,1.0,0,7200,24166.0,No
RentalLeasing,36,2,Existing,2,2,Urban,Unknown,50000,25000,0,0,0.5,1,1080,17547.0,No
RentalLeasing,86,2,New,0,0,Unknown,No,75000,67500,1,0,0.9,0,2580,15667.0,No
RealEstateServices,219,2,New,2,0,Urban,Unknown,704000,528000,1,0,0.75,0,6570,23096.0,Yes
RealEstateServices,240,5,Existing,7,0,Urban,Unknown,388000,388000,0,1,1.0,0,7200,24012.0,No
RealEstateServices,120,8,Existing,3,11,Urban,Unknown,218300,163725,0,0,0.75,0,3600,20095.0,No
RealEstateServices,240,5,Existing,1,0,Urban,Unknown,388000,388000,0,1,1.0,0,7200,24194.0,No
RentalLeasing,84,5,Existing,0,0,Unknown,No,30000,27000,0,0,0.9,0,2520,15607.0,No
RealEstateServices,240,15,Existing,5,0,Urban,Unknown,435000,435000,0,1,1.0,0,7200,23802.0,No
RentalLeasing,84,11,Existing,0,11,Urban,Unknown,400000,300000,0,0,0.75,0,2520,19015.0,No
RealEstateServices,84,3,New,2,5,Urban,Yes,17000,8500,1,0,0.5,0,2520,19015.0,No
RentalLeasing,52,3,New,0,0,Urban,Unknown,85000,72250,1,0,0.85,0,1560,18116.0,Yes
Other,120,13,Existing,0,0,Unknown,No,100000,90000,0,0,0.9,0,3600,16687.0,No
RentalLeasing,84,1,New,0,0,Urban,Unknown,50000,42500,1,0,0.85,0,2520,19046.0,No
RealEstateServices,300,7,Existing,0,7,Urban,Unknown,227000,170250,0,1,0.75,0,9000,25495.0,No
RealEstateServices,28,1,Existing,1,2,Urban,Yes,35000,17500,0,0,0.5,0,840,17335.0,Yes
RentalLeasing,60,1,Existing,0,1,Urban,Yes,25000,12500,0,0,0.5,0,1800,18387.0,No
RentalLeasing,120,1,New,0,0,Unknown,Unknown,100000,70000,1,0,0.7,0,3600,16687.0,No
RentalLeasing,288,3,Existing,0,0,Unknown,No,336500,252375,0,1,0.75,0,8640,21819.0,No
RealEstateServices,300,2,Existing,1,2,Urban,Unknown,321000,240750,0,1,0.75,0,9000,25526.0,No
RealEstateServices,240,140,Existing,75,0,Urban,Unknown,1512000,1512000,0,1,1.0,0,7200,23893.0,No
RentalLeasing,84,2,Existing,0,0,Unknown,No,25000,22500,0,0,0.9,0,2520,15789.0,No
RentalLeasing,240,16,Existing,6,0,Urban,Unknown,1257000,1257000,0,1,1.0,0,7200,23921.0,No
RealEstateServices,84,1,Existing,0,0,Urban,Yes,50000,25000,0,0,0.5,0,2520,19745.0,No
RealEstateServices,263,2,Existing,0,2,Urban,Unknown,675000,506250,0,1,0.75,0,7890,24416.0,Yes
RealEstateServices,31,10,Existing,0,0,Urban,Yes,20000,10000,0,0,0.5,0,930,17456.0,Yes
RentalLeasing,84,7,New,0,0,Unknown,No,31833,25466,1,0,0.799987434,0,2520,15699.0,No
RentalLeasing,240,3,Existing,1,3,Urban,Unknown,238000,238000,0,1,1.0,0,7200,23767.0,No
RentalLeasing,84,8,New,0,0,Unknown,No,119500,89625,1,0,0.75,0,2520,15699.0,No
RealEstateServices,240,27,Existing,12,0,Urban,Unknown,519000,519000,0,1,1.0,0,7200,24411.0,No
RealEstateServices,84,2,Existing,0,0,Urban,Yes,17000,8500,0,0,0.5,0,2520,19046.0,No
RentalLeasing,84,50,Existing,10,60,Urban,Unknown,250000,125000,0,0,0.5,0,2520,19076.0,No
RealEstateServices,267,1,Existing,2,1,Urban,Unknown,589000,441750,0,1,0.75,0,8010,24566.0,No
RealEstateLessors,240,120,Existing,20,0,Rural,Unknown,1999000,1999000,0,1,1.0,0,7200,24075.0,No
RealEstateServices,84,1,Existing,0,1,Urban,Yes,60000,30000,0,0,0.5,0,2520,19076.0,No
RentalLeasing,111,3,Existing,0,0,Urban,No,1525000,1143750,0,0,0.75,0,3330,19886.0,Yes
RealEstateServices,240,22,Existing,3,22,Urban,Unknown,711000,711000,0,1,1.0,0,7200,24383.0,No
RentalLeasing,66,4,New,0,0,Unknown,No,37000,29600,1,0,0.8,0,1980,15159.0,Yes
RealEstateServices,240,450,Existing,100,0,Urban,Unknown,593000,593000,0,1,1.0,0,7200,23865.0,No
RealEstateServices,240,13,Existing,11,0,Urban,Unknown,325000,325000,0,1,1.0,0,7200,23865.0,No
RealEstateServices,240,40,Existing,5,0,Urban,Unknown,1330000,1330000,0,1,1.0,0,7200,24166.0,No
RealEstateServices,84,3,Existing,0,3,Urban,Yes,25000,12500,0,0,0.5,0,2520,19168.0,No
RealEstateServices,12,1,New,2,1,Urban,Yes,25000,12500,1,0,0.5,0,360,16916.0,No
RentalLeasing,85,4,Existing,0,0,Unknown,No,18000,14400,0,0,0.8,0,2550,15729.0,No
RealEstateServices,240,327,Existing,20,327,Urban,Unknown,1027000,1027000,0,1,1.0,0,7200,24012.0,No
RealEstateServices,240,75,Existing,0,1,Urban,Unknown,1476000,1476000,0,1,1.0,0,7200,24103.0,No
RealEstateLessors,240,1,Existing,0,1,Urban,Unknown,144000,144000,0,1,1.0,0,7200,23865.0,No
RentalLeasing,120,2,New,6,2,Urban,Unknown,750000,286777,1,0,0.382369333,0,3600,20187.0,No
RentalLeasing,300,10,Existing,0,10,Urban,Unknown,297500,223125,0,1,0.75,0,9000,25587.0,No
RealEstateServices,240,10,Existing,10,0,Urban,Unknown,931000,931000,0,1,1.0,0,7200,23893.0,No
RealEstateServices,84,8,Existing,0,8,Urban,Yes,100000,50000,0,0,0.5,0,2520,19168.0,No
RentalLeasing,60,1,Existing,0,1,Urban,Yes,25000,12500,0,0,0.5,0,1800,18387.0,No
RentalLeasing,18,1,New,0,0,Urban,Yes,5000,2500,1,0,0.5,0,540,17431.0,Yes
RentalLeasing,60,2,Existing,0,2,Urban,Unknown,78000,39000,0,0,0.5,0,1800,18387.0,No
RealEstateServices,300,11,Existing,5,11,Urban,Unknown,962900,722175,0,1,0.75,0,9000,25587.0,No
RealEstateServices,240,6,Existing,10,0,Urban,Unknown,93000,93000,0,1,1.0,0,7200,23956.0,No
RentalLeasing,240,14,Existing,12,0,Urban,Unknown,853000,853000,0,1,1.0,0,7200,23865.0,No
RealEstateServices,84,1,Existing,0,1,Urban,Yes,10000,5000,0,0,0.5,0,2520,19107.0,No
RealEstateServices,84,1,Existing,0,1,Urban,Yes,15000,7500,0,0,0.5,0,2520,19168.0,No
RealEstateServices,240,45,Existing,16,0,Urban,Unknown,752000,752000,0,1,1.0,0,7200,24229.0,No
RealEstateServices,300,20,Existing,8,20,Urban,Unknown,2000000,1500000,0,1,0.75,0,9000,25648.0,No
RentalLeasing,12,2,Existing,0,2,Urban,Yes,76000,38000,0,0,0.5,0,360,17281.0,No
RealEstateServices,240,35,Existing,10,0,Rural,Unknown,179000,179000,0,1,1.0,0,7200,24103.0,No
RentalLeasing,300,5,Existing,0,5,Urban,Unknown,600000,450000,0,1,0.75,0,9000,25617.0,No
RealEstateServices,19,12,Existing,10,12,Urban,Yes,100000,50000,0,0,0.5,0,570,17187.0,Yes
RealEstateServices,3,2,Existing,10,2,Urban,Unknown,10000,8500,0,0,0.85,0,90,16707.0,Yes
RealEstateServices,240,50,Existing,20,0,Rural,Unknown,833000,833000,0,1,1.0,0,7200,25083.0,No
RentalLeasing,38,5,Existing,2,5,Urban,Yes,85000,42500,0,0,0.5,0,1140,18122.0,Yes
Other,123,1,Existing,0,0,Unknown,No,300000,225000,0,0,0.75,0,3690,17112.0,No
RealEstateServices,120,2,New,2,2,Urban,Unknown,770000,577500,1,0,0.75,0,3600,20248.0,No
RealEstateLessors,168,7,Existing,1,8,Rural,Unknown,595000,446250,0,0,0.75,0,5040,21688.0,No
RealEstateServices,120,50,New,50,50,Urban,Unknown,300000,225000,1,0,0.75,0,3600,20491.0,No
RealEstateServices,14,3,New,0,3,Rural,Yes,100000,50000,1,0,0.5,0,420,17068.0,No
RealEstateServices,84,6,Existing,0,6,Urban,Yes,35000,17500,0,0,0.5,0,2520,19806.0,No
RealEstateServices,290,17,Existing,0,17,Urban,Unknown,70000,59500,0,1,0.85,0,8700,25621.0,No
RentalLeasing,110,1,New,9,1,Urban,Unknown,360100,270075,1,0,0.75,0,3300,20040.0,Yes
RealEstateServices,84,1,Existing,0,0,Urban,Yes,30000,15000,0,0,0.5,0,2520,19168.0,No
RentalLeasing,120,21,Existing,0,21,Urban,Unknown,371000,278250,0,0,0.75,0,3600,20279.0,No
RentalLeasing,240,70,Existing,20,50,Unknown,No,990000,990000,0,1,1.0,0,7200,20729.0,No
RentalLeasing,71,1,Existing,0,1,Urban,Yes,15000,7500,0,0,0.5,0,2130,19174.0,No
RealEstateServices,240,19,Existing,35,19,Urban,Unknown,988000,988000,0,1,1.0,0,7200,23865.0,No
RealEstateServices,53,5,New,0,0,Rural,Unknown,150000,127500,1,0,0.85,0,1590,18269.0,Yes
RealEstateServices,240,2,Existing,2,0,Urban,Unknown,228000,228000,0,1,1.0,0,7200,23956.0,No
RealEstateServices,220,9,Existing,0,0,Urban,No,1147500,860625,0,0,0.75,0,6600,23279.0,No
RealEstateServices,1,2,Existing,0,0,Urban,Yes,45000,22500,0,0,0.5,0,30,16678.0,Yes
RentalLeasing,240,40,Existing,6,0,Urban,Unknown,659000,659000,0,1,1.0,0,7200,23956.0,No
RentalLeasing,84,2,Existing,1,2,Urban,Yes,35000,17500,0,0,0.5,0,2520,20172.0,No
RentalLeasing,84,6,Existing,0,0,Unknown,No,100000,80000,0,0,0.8,0,2520,15789.0,No
RealEstateServices,84,1,Existing,0,1,Urban,Yes,15000,7500,0,0,0.5,0,2520,19229.0,No
RealEstateServices,28,5,Existing,1,5,Urban,Yes,25000,12500,0,0,0.5,1,840,17519.0,Yes
RealEstateServices,300,1,Existing,1,1,Urban,Unknown,679000,509250,0,1,0.75,0,9000,25679.0,No
RealEstateServices,300,7,Existing,6,7,Urban,Unknown,378000,283500,0,1,0.75,0,9000,25679.0,No
RealEstateServices,240,13,Existing,12,13,Rural,Unknown,427000,427000,0,1,1.0,0,7200,24502.0,No
RealEstateServices,240,57,Existing,15,0,Urban,Unknown,1059000,1059000,0,1,1.0,0,7200,24194.0,No
RentalLeasing,240,22,Existing,28,0,Urban,Unknown,1350000,1350000,0,1,1.0,0,7200,24383.0,No
RealEstateServices,300,21,Existing,0,21,Urban,Unknown,790000,592500,0,1,0.75,0,9000,25679.0,No
RealEstateServices,240,5,New,3,0,Urban,Unknown,221000,221000,1,1,1.0,0,7200,23956.0,No
RealEstateServices,84,1,Existing,0,1,Urban,Yes,35000,17500,0,0,0.5,0,2520,19411.0,No
RealEstateServices,12,7,Existing,0,7,Urban,Yes,100000,50000,0,0,0.5,0,360,17069.0,No
RentalLeasing,84,4,Existing,0,4,Urban,Yes,50000,25000,0,0,0.5,0,2520,19260.0,No
RealEstateServices,84,1,Existing,1,2,Rural,Unknown,264000,198000,0,0,0.75,0,2520,19229.0,No
RentalLeasing,240,6,Existing,2,4,Unknown,No,157000,157000,0,1,1.0,0,7200,20694.0,No
RentalLeasing,5,5,Existing,0,5,Urban,Yes,95000,47500,0,0,0.5,0,150,16859.0,Yes
RealEstateServices,25,1,New,0,1,Urban,Yes,25000,12500,1,0,0.5,0,750,17459.0,Yes
RentalLeasing,84,2,Existing,0,2,Rural,Yes,10000,5000,0,0,0.5,0,2520,19352.0,No
RealEstateServices,9,4,Existing,1,5,Urban,Yes,55000,27500,0,0,0.5,0,270,16979.0,Yes
RealEstateServices,12,2,Existing,2,10,Urban,Yes,350000,175000,0,0,0.5,0,360,17220.0,No
RealEstateServices,25,7,Existing,4,11,Urban,Unknown,100000,50000,0,0,0.5,0,750,17459.0,Yes
RealEstateServices,1,6,Existing,4,6,Urban,Yes,30000,15000,0,0,0.5,0,30,17012.0,Yes
RealEstateServices,240,11,Existing,9,0,Urban,Unknown,433000,433000,0,1,1.0,0,7200,24103.0,No
RealEstateServices,300,8,New,0,8,Urban,Unknown,658500,493875,1,1,0.75,0,9000,25801.0,No
RealEstateServices,23,4,Existing,0,4,Rural,Yes,30000,15000,0,0,0.5,1,690,17672.0,Yes
RealEstateServices,250,1,Existing,0,1,Urban,Unknown,604000,453000,0,1,0.75,0,7500,24209.0,No
RealEstateServices,240,650,Existing,30,0,Urban,Unknown,235000,235000,0,1,1.0,0,7200,24166.0,No
RealEstateServices,227,9,New,13,9,Urban,Unknown,950000,712500,1,0,0.75,0,6810,23550.0,Yes
RentalLeasing,120,12,Existing,0,0,Urban,No,247000,185250,0,0,0.75,0,3600,20370.0,No
RealEstateServices,95,9,New,0,9,Rural,Unknown,360000,270000,1,0,0.75,0,2850,19682.0,Yes
RealEstateServices,84,2,Existing,0,2,Urban,Yes,50000,25000,0,0,0.5,0,2520,20172.0,No
RentalLeasing,300,5,Existing,0,0,Unknown,Unknown,512000,384000,0,1,0.75,0,9000,22422.0,No
RealEstateServices,84,1,Existing,0,1,Urban,Yes,75000,37500,0,0,0.5,0,2520,19290.0,No
RealEstateServices,96,35,Existing,0,0,Urban,Unknown,125000,106250,0,0,0.85,0,2880,19681.0,No
RealEstateServices,272,2,Existing,2,2,Urban,Unknown,550800,413100,0,1,0.75,0,8160,24900.0,Yes
RealEstateServices,240,13,Existing,10,0,Urban,Unknown,286000,286000,0,1,1.0,0,7200,23984.0,No
RealEstateServices,240,2,Existing,1,0,Urban,Unknown,372000,372000,0,1,1.0,0,7200,24012.0,No
RentalLeasing,91,4,Existing,4,4,Urban,Unknown,300000,225000,0,0,0.75,0,2730,19470.0,Yes
RentalLeasing,240,11,Existing,5,0,Urban,Unknown,330000,330000,0,1,1.0,0,7200,24103.0,No
RealEstateLessors,260,2,New,2,4,Urban,No,1073000,804750,1,1,0.75,0,7800,24540.0,Yes
RentalLeasing,300,8,Existing,0,8,Urban,Unknown,820000,615000,0,1,0.75,0,9000,25770.0,No
RealEstateServices,240,88,Existing,50,88,Urban,Unknown,1046000,1046000,0,1,1.0,0,7200,24530.0,No
RealEstateServices,240,15,Existing,25,15,Urban,Unknown,912000,912000,0,1,1.0,0,7200,24138.0,No
RealEstateServices,240,5,Existing,65,0,Urban,Unknown,1152000,1152000,0,1,1.0,0,7200,24138.0,No
RealEstateServices,240,1,New,20,0,Urban,Unknown,271000,271000,1,1,1.0,0,7200,24103.0,No
RentalLeasing,60,2,Existing,0,2,Urban,Unknown,80000,40000,0,0,0.5,0,1800,18540.0,No
RealEstateServices,55,5,New,0,0,Urban,Yes,15000,7500,1,0,0.5,0,1650,18390.0,Yes
RentalLeasing,84,5,Existing,0,4,Urban,Unknown,100000,50000,0,0,0.5,0,2520,19290.0,Yes
RealEstateServices,84,2,Existing,0,2,Rural,Unknown,150000,127500,0,0,0.85,0,2520,19290.0,No
RentalLeasing,84,30,Existing,0,0,Unknown,Unknown,200000,150000,0,0,0.75,0,2520,16185.0,No
RealEstateServices,240,3,Existing,9,0,Urban,Unknown,338000,338000,0,1,1.0,0,7200,24530.0,No
RealEstateServices,240,11,Existing,11,11,Urban,Unknown,441000,441000,0,1,1.0,0,7200,24257.0,No
RentalLeasing,84,3,Existing,0,3,Urban,Unknown,150000,75000,0,0,0.5,0,2520,19290.0,No
RentalLeasing,240,5,Existing,0,0,Unknown,Unknown,261900,196425,0,1,0.75,0,7200,20469.0,No
RealEstateServices,30,4,Existing,0,4,Urban,Yes,15000,7500,0,0,0.5,1,900,17670.0,Yes
RealEstateLessors,300,14,Existing,0,0,Urban,No,502200,376650,0,1,0.75,0,9000,25770.0,No
RealEstateServices,248,3,Existing,0,3,Urban,Unknown,370800,278100,0,1,0.75,0,7440,24210.0,No
RealEstateServices,300,4,Existing,0,4,Urban,Unknown,697500,523125,0,1,0.75,0,9000,25770.0,No
RealEstateServices,84,10,Existing,0,10,Urban,Yes,15000,7500,0,0,0.5,0,2520,19533.0,No
RealEstateServices,84,1,Existing,1,1,Rural,Yes,30000,15000,0,0,0.5,0,2520,19290.0,No
RentalLeasing,300,5,Existing,0,5,Urban,Unknown,832500,624375,0,1,0.75,0,9000,25801.0,No
RentalLeasing,56,2,Existing,1,2,Rural,Yes,30000,15000,0,0,0.5,0,1680,18450.0,Yes
RealEstateServices,240,9,Existing,4,9,Urban,Unknown,152000,152000,0,1,1.0,0,7200,24047.0,No
RealEstateServices,300,1,New,0,0,Urban,No,511700,383775,1,1,0.75,0,9000,25801.0,No
RealEstateServices,120,3,Existing,0,3,Urban,Unknown,1050000,787500,0,0,0.75,0,3600,20401.0,No
RealEstateServices,84,1,New,0,1,Urban,Yes,25000,12500,1,0,0.5,0,2520,19321.0,No
RealEstateServices,60,12,Existing,0,12,Urban,Yes,172500,86250,0,0,0.5,0,1800,18601.0,No
RealEstateServices,38,1,Existing,0,1,Urban,Yes,30000,15000,0,0,0.5,1,1140,17941.0,Yes
RentalLeasing,84,2,Existing,0,0,Unknown,Unknown,30000,21000,0,0,0.7,0,2520,15881.0,No
RentalLeasing,82,3,Existing,3,3,Urban,Unknown,78000,39000,0,0,0.5,0,2460,19292.0,No
RentalLeasing,90,15,Existing,0,0,Unknown,Unknown,855000,641250,0,0,0.75,0,2700,16273.0,No
RentalLeasing,120,6,New,0,0,Unknown,Unknown,65000,52000,1,0,0.8,0,3600,17022.0,No
RentalLeasing,96,9,Existing,0,0,Unknown,No,75000,60000,0,0,0.8,0,2880,16302.0,No
RealEstateServices,240,2,Existing,2,0,Urban,Unknown,134000,134000,0,1,1.0,0,7200,24075.0,No
RealEstateServices,230,3,Existing,2,3,Urban,Unknown,650000,487500,0,0,0.75,0,6900,23701.0,Yes
RentalLeasing,120,4,Existing,0,0,Unknown,Unknown,172000,129000,0,0,0.75,0,3600,17053.0,No
RentalLeasing,84,10,Existing,5,10,Urban,Unknown,257000,192750,0,0,0.75,0,2520,19352.0,No
RealEstateServices,84,3,Existing,0,0,Urban,Yes,50000,25000,0,0,0.5,0,2520,19352.0,No
RealEstateServices,60,1,Existing,0,1,Urban,Yes,10000,5000,0,0,0.5,0,1800,18997.0,No
RealEstateServices,240,20,Existing,10,0,Urban,Unknown,1343000,1343000,0,1,1.0,0,7200,24103.0,No
RealEstateServices,240,12,Existing,1,0,Urban,Unknown,541000,541000,0,1,1.0,0,7200,24103.0,No
RealEstateServices,28,3,New,1,3,Rural,Yes,20000,10000,1,0,0.5,1,840,17641.0,Yes
RentalLeasing,74,7,New,0,0,Urban,No,207000,155250,1,0,0.75,0,2220,19080.0,Yes
RealEstateServices,180,21,Existing,0,21,Urban,Unknown,150000,127500,0,0,0.85,0,5400,22232.0,No
RentalLeasing,240,23,Existing,17,0,Urban,Unknown,576000,576000,0,1,1.0,0,7200,24138.0,No
RentalLeasing,60,6,Existing,2,8,Urban,Unknown,40000,20000,0,0,0.5,0,1800,18632.0,No
RentalLeasing,84,6,Existing,2,8,Urban,Yes,10000,5000,0,0,0.5,0,2520,19352.0,No
RealEstateServices,53,44,Existing,18,44,Urban,Yes,50000,25000,0,0,0.5,0,1590,18422.0,Yes
RealEstateServices,47,1,Existing,0,1,Urban,Yes,40000,20000,0,0,0.5,0,1410,18910.0,Yes
RealEstateServices,84,1,New,0,1,Urban,Unknown,15000,12750,1,0,0.85,0,2520,19352.0,No
RentalLeasing,120,2,Existing,0,0,Unknown,No,94000,75200,0,0,0.8,0,3600,17114.0,No
RealEstateServices,240,4,Existing,2,0,Urban,Unknown,444000,444000,0,1,1.0,0,7200,24103.0,No
RealEstateServices,60,2,Existing,0,2,Urban,Unknown,100000,50000,0,0,0.5,0,1800,18691.0,No
RentalLeasing,84,10,Existing,0,10,Urban,Yes,25000,12500,0,0,0.5,0,2520,19380.0,No
RentalLeasing,59,8,New,3,11,Urban,Unknown,1000000,750000,1,0,0.75,0,1770,18602.0,Yes
RealEstateServices,204,1,Existing,3,4,Urban,Unknown,240000,180000,0,0,0.75,0,6120,22952.0,Yes
RealEstateServices,36,5,Existing,5,10,Urban,Unknown,60000,30000,0,0,0.5,1,1080,17912.0,Yes
RealEstateServices,240,6,New,4,6,Urban,Unknown,1435000,1435000,1,1,1.0,0,7200,24103.0,No
RealEstateServices,276,10,Existing,8,2,Urban,Unknown,1215000,704700,0,1,0.58,0,8280,25112.0,No
RealEstateServices,80,1,Existing,2,3,Urban,Yes,95000,47500,0,0,0.5,0,2400,19352.0,No
RentalLeasing,60,1,Existing,0,1,Urban,Yes,30000,15000,0,0,0.5,0,1800,18844.0,No
RealEstateServices,240,4,Existing,4,0,Urban,Unknown,357000,357000,0,1,1.0,0,7200,24166.0,No
RealEstateServices,48,2,New,0,2,Rural,Yes,23500,11750,1,0,0.5,0,1440,18272.0,Yes
RentalLeasing,49,1,Existing,4,5,Urban,Yes,15000,7500,0,0,0.5,0,1470,18302.0,Yes
RentalLeasing,84,10,Existing,0,0,Unknown,No,500000,375000,0,0,0.75,0,2520,16065.0,No
RentalLeasing,300,2,Existing,0,0,Unknown,Unknown,175000,131250,0,1,0.75,0,9000,22483.0,No
RentalLeasing,210,2,Existing,0,0,Unknown,Unknown,64000,48000,0,0,0.75,0,6300,19783.0,No
RealEstateServices,42,1,Existing,0,1,Urban,Unknown,25000,21250,0,0,0.85,0,1260,18120.0,Yes
RealEstateServices,84,25,Existing,25,25,Urban,Unknown,350000,262500,0,0,0.75,0,2520,19380.0,No
RentalLeasing,84,1,New,0,0,Unknown,No,50000,40000,1,0,0.8,0,2520,16065.0,No
RentalLeasing,84,14,Existing,0,14,Rural,Yes,20000,10000,0,0,0.5,0,2520,19380.0,No
RentalLeasing,84,2,Existing,0,2,Rural,Yes,21000,10500,0,0,0.5,0,2520,19441.0,No
RentalLeasing,300,1,Existing,0,0,Unknown,Unknown,200000,150000,0,1,0.75,0,9000,22573.0,No
RealEstateServices,45,1,Existing,0,1,Urban,Yes,15000,7500,0,0,0.5,0,1350,18210.0,Yes
RealEstateServices,32,2,New,0,2,Rural,Yes,30000,15000,1,0,0.5,1,960,17820.0,Yes
RealEstateServices,54,2,New,0,0,Urban,Yes,10000,5000,1,0,0.5,0,1620,18511.0,Yes
RealEstateServices,84,3,Existing,0,3,Urban,Yes,100000,50000,0,0,0.5,0,2520,19411.0,No
RealEstateServices,84,3,Existing,0,3,Rural,Yes,30000,15000,0,0,0.5,0,2520,19380.0,No
RealEstateServices,240,6,Existing,4,6,Urban,Unknown,721000,721000,0,1,1.0,0,7200,24439.0,No
RentalLeasing,240,28,Existing,8,28,Urban,Unknown,1029000,1029000,0,1,1.0,0,7200,24103.0,No
RentalLeasing,60,5,New,0,5,Urban,Unknown,150000,75000,1,0,0.5,0,1800,18691.0,No
RentalLeasing,300,4,Existing,0,0,Unknown,Unknown,99000,79200,0,1,0.8,0,9000,22545.0,No
RentalLeasing,84,2,Existing,0,0,Unknown,Unknown,50000,40000,0,0,0.8,0,2520,16124.0,No
RentalLeasing,120,3,Existing,0,0,Unknown,Unknown,500000,375000,0,0,0.75,0,3600,17265.0,No
